<?xml version="1.0" encoding="UTF-8"?>
<module codename="org.openide.nodes">
    <module_version install_time="1323094107657" last="true" origin="installer" specification_version="7.25.1">
        <file crc="3092369940" name="config/Modules/org-openide-nodes.xml"/>
        <file crc="2774369256" name="modules/locale/org-openide-nodes_ja.jar"/>
        <file crc="1777862684" name="modules/locale/org-openide-nodes_pt_BR.jar"/>
        <file crc="1678765828" name="modules/locale/org-openide-nodes_ru.jar"/>
        <file crc="834930685" name="modules/locale/org-openide-nodes_zh_CN.jar"/>
        <file crc="2375066519" name="modules/org-openide-nodes.jar"/>
    </module_version>
</module>
