<?xml version="1.0" encoding="UTF-8"?>
<module codename="org.netbeans.modules.settings/1">
    <module_version install_time="1323291974638" last="true" origin="installer" specification_version="1.33.1">
        <file crc="554047262" name="config/Modules/org-netbeans-modules-settings.xml"/>
        <file crc="1201542766" name="modules/locale/org-netbeans-modules-settings_ja.jar"/>
        <file crc="4257517644" name="modules/locale/org-netbeans-modules-settings_pt_BR.jar"/>
        <file crc="4131311076" name="modules/locale/org-netbeans-modules-settings_ru.jar"/>
        <file crc="1415758171" name="modules/locale/org-netbeans-modules-settings_zh_CN.jar"/>
        <file crc="2038668151" name="modules/org-netbeans-modules-settings.jar"/>
    </module_version>
</module>
