<?xml version="1.0" encoding="UTF-8"?>
<module codename="org.jdesktop.layout/1">
    <module_version install_time="1323094102323" last="true" origin="installer" specification_version="1.19.1">
        <file crc="2204093842" name="config/Modules/org-jdesktop-layout.xml"/>
        <file crc="3375517798" name="modules/ext/swing-layout-1.0.4.jar"/>
        <file crc="4101757233" name="modules/locale/org-jdesktop-layout_ja.jar"/>
        <file crc="465728888" name="modules/locale/org-jdesktop-layout_pt_BR.jar"/>
        <file crc="1497975766" name="modules/locale/org-jdesktop-layout_ru.jar"/>
        <file crc="99552067" name="modules/locale/org-jdesktop-layout_zh_CN.jar"/>
        <file crc="474285450" name="modules/org-jdesktop-layout.jar"/>
    </module_version>
</module>
