<?xml version="1.0" encoding="UTF-8"?>
<module codename="org.openide.loaders">
    <module_version install_time="1323094075112" last="true" origin="installer" specification_version="7.32.1">
        <file crc="3241200" name="config/Modules/org-openide-loaders.xml"/>
        <file crc="2278973827" name="modules/locale/org-openide-loaders_ja.jar"/>
        <file crc="3734712019" name="modules/locale/org-openide-loaders_pt_BR.jar"/>
        <file crc="1434769871" name="modules/locale/org-openide-loaders_ru.jar"/>
        <file crc="572576461" name="modules/locale/org-openide-loaders_zh_CN.jar"/>
        <file crc="2870503469" name="modules/org-openide-loaders.jar"/>
    </module_version>
</module>
