<?xml version="1.0" encoding="UTF-8"?>
<module codename="org.netbeans.modules.queries/1">
    <module_version install_time="1323094059128" last="true" origin="installer" specification_version="1.25.1">
        <file crc="4168841736" name="config/Modules/org-netbeans-modules-queries.xml"/>
        <file crc="2556925561" name="modules/locale/org-netbeans-modules-queries_ja.jar"/>
        <file crc="3838440334" name="modules/locale/org-netbeans-modules-queries_pt_BR.jar"/>
        <file crc="1603671704" name="modules/locale/org-netbeans-modules-queries_ru.jar"/>
        <file crc="1826776450" name="modules/locale/org-netbeans-modules-queries_zh_CN.jar"/>
        <file crc="3237765520" name="modules/org-netbeans-modules-queries.jar"/>
    </module_version>
</module>
