<?xml version="1.0" encoding="UTF-8"?>
<module codename="org.openide.io">
    <module_version install_time="1323291951552" last="true" origin="installer" specification_version="1.29.1">
        <file crc="3834804485" name="config/Modules/org-openide-io.xml"/>
        <file crc="4224091075" name="modules/locale/org-openide-io_ja.jar"/>
        <file crc="4210219800" name="modules/locale/org-openide-io_pt_BR.jar"/>
        <file crc="605996844" name="modules/locale/org-openide-io_ru.jar"/>
        <file crc="2751863055" name="modules/locale/org-openide-io_zh_CN.jar"/>
        <file crc="3668417695" name="modules/org-openide-io.jar"/>
    </module_version>
</module>
