<?xml version="1.0" encoding="UTF-8"?>
<module codename="org.jdesktop.layout/1">
    <module_version install_time="1323292009685" last="true" origin="installer" specification_version="1.19.1">
        <file crc="2204093842" name="config/Modules/org-jdesktop-layout.xml"/>
        <file crc="3375517798" name="modules/ext/swing-layout-1.0.4.jar"/>
        <file crc="2650372377" name="modules/locale/org-jdesktop-layout_ja.jar"/>
        <file crc="2906515486" name="modules/locale/org-jdesktop-layout_pt_BR.jar"/>
        <file crc="3320936482" name="modules/locale/org-jdesktop-layout_ru.jar"/>
        <file crc="386560086" name="modules/locale/org-jdesktop-layout_zh_CN.jar"/>
        <file crc="3562350669" name="modules/org-jdesktop-layout.jar"/>
    </module_version>
</module>
