<?xml version="1.0" encoding="UTF-8"?>
<module codename="org.netbeans.api.progress/1">
    <module_version install_time="1323094065095" last="true" origin="installer" specification_version="1.26.1">
        <file crc="1605883752" name="config/Modules/org-netbeans-api-progress.xml"/>
        <file crc="2195582720" name="modules/locale/org-netbeans-api-progress_ja.jar"/>
        <file crc="996188732" name="modules/locale/org-netbeans-api-progress_pt_BR.jar"/>
        <file crc="4179902979" name="modules/locale/org-netbeans-api-progress_ru.jar"/>
        <file crc="250705935" name="modules/locale/org-netbeans-api-progress_zh_CN.jar"/>
        <file crc="577331760" name="modules/org-netbeans-api-progress.jar"/>
    </module_version>
</module>
