<?xml version="1.0" encoding="UTF-8"?>
<module codename="org.netbeans.modules.autoupdate.ui">
    <module_version install_time="1323094129422" last="true" origin="installer" specification_version="1.25.1">
        <file crc="123778612" name="config/Modules/org-netbeans-modules-autoupdate-ui.xml"/>
        <file crc="179943768" name="modules/locale/org-netbeans-modules-autoupdate-ui_ja.jar"/>
        <file crc="3771529338" name="modules/locale/org-netbeans-modules-autoupdate-ui_pt_BR.jar"/>
        <file crc="1872945398" name="modules/locale/org-netbeans-modules-autoupdate-ui_ru.jar"/>
        <file crc="3681443334" name="modules/locale/org-netbeans-modules-autoupdate-ui_zh_CN.jar"/>
        <file crc="2677196041" name="modules/org-netbeans-modules-autoupdate-ui.jar"/>
    </module_version>
</module>
