<?xml version="1.0" encoding="UTF-8"?>
<module codename="org.openide.actions">
    <module_version install_time="1323094116393" last="true" origin="installer" specification_version="6.24.1">
        <file crc="3556488737" name="config/Modules/org-openide-actions.xml"/>
        <file crc="3597377171" name="modules/locale/org-openide-actions_ja.jar"/>
        <file crc="1558012407" name="modules/locale/org-openide-actions_pt_BR.jar"/>
        <file crc="2546508041" name="modules/locale/org-openide-actions_ru.jar"/>
        <file crc="2141841949" name="modules/locale/org-openide-actions_zh_CN.jar"/>
        <file crc="2338195586" name="modules/org-openide-actions.jar"/>
    </module_version>
</module>
