<?xml version="1.0" encoding="UTF-8"?>
<module codename="org.netbeans.modules.print">
    <module_version install_time="1323094060558" last="true" origin="installer" specification_version="7.11.1">
        <file crc="4146358971" name="config/Modules/org-netbeans-modules-print.xml"/>
        <file crc="2981850362" name="modules/locale/org-netbeans-modules-print_ja.jar"/>
        <file crc="4274550689" name="modules/locale/org-netbeans-modules-print_pt_BR.jar"/>
        <file crc="3493767731" name="modules/locale/org-netbeans-modules-print_ru.jar"/>
        <file crc="1648680207" name="modules/locale/org-netbeans-modules-print_zh_CN.jar"/>
        <file crc="3726924470" name="modules/org-netbeans-modules-print.jar"/>
    </module_version>
</module>
