<?xml version="1.0" encoding="UTF-8"?>
<module codename="org.netbeans.swing.outline">
    <module_version install_time="1323094070833" last="true" origin="installer" specification_version="1.17.1">
        <file crc="3679534386" name="config/Modules/org-netbeans-swing-outline.xml"/>
        <file crc="2676006915" name="modules/locale/org-netbeans-swing-outline_ja.jar"/>
        <file crc="2060390752" name="modules/locale/org-netbeans-swing-outline_pt_BR.jar"/>
        <file crc="2216813409" name="modules/locale/org-netbeans-swing-outline_ru.jar"/>
        <file crc="2169735004" name="modules/locale/org-netbeans-swing-outline_zh_CN.jar"/>
        <file crc="2355791926" name="modules/org-netbeans-swing-outline.jar"/>
    </module_version>
</module>
