<?xml version="1.0" encoding="UTF-8"?>
<module codename="org.netbeans.core.windows/2">
    <module_version install_time="1323094048702" last="true" origin="installer" specification_version="2.41.1">
        <file crc="1059846727" name="config/Modules/org-netbeans-core-windows.xml"/>
        <file crc="1546352874" name="modules/locale/org-netbeans-core-windows_ja.jar"/>
        <file crc="3587193854" name="modules/locale/org-netbeans-core-windows_pt_BR.jar"/>
        <file crc="990173957" name="modules/locale/org-netbeans-core-windows_ru.jar"/>
        <file crc="628143776" name="modules/locale/org-netbeans-core-windows_zh_CN.jar"/>
        <file crc="1748197899" name="modules/org-netbeans-core-windows.jar"/>
    </module_version>
</module>
