<?xml version="1.0" encoding="UTF-8"?>
<module codename="org.openide.dialogs">
    <module_version install_time="1323094093678" last="true" origin="installer" specification_version="7.23.1">
        <file crc="807629635" name="config/Modules/org-openide-dialogs.xml"/>
        <file crc="244013069" name="modules/locale/org-openide-dialogs_ja.jar"/>
        <file crc="1763194875" name="modules/locale/org-openide-dialogs_pt_BR.jar"/>
        <file crc="2973674722" name="modules/locale/org-openide-dialogs_ru.jar"/>
        <file crc="470807583" name="modules/locale/org-openide-dialogs_zh_CN.jar"/>
        <file crc="1003838594" name="modules/org-openide-dialogs.jar"/>
    </module_version>
</module>
