<?xml version="1.0" encoding="UTF-8"?>
<module codename="org.netbeans.modules.sendopts/2">
    <module_version install_time="1323094085000" last="true" origin="installer" specification_version="2.15.1">
        <file crc="3090052921" name="config/Modules/org-netbeans-modules-sendopts.xml"/>
        <file crc="2539167821" name="modules/locale/org-netbeans-modules-sendopts_ja.jar"/>
        <file crc="1434493785" name="modules/locale/org-netbeans-modules-sendopts_pt_BR.jar"/>
        <file crc="417215718" name="modules/locale/org-netbeans-modules-sendopts_ru.jar"/>
        <file crc="2911828224" name="modules/locale/org-netbeans-modules-sendopts_zh_CN.jar"/>
        <file crc="3850629707" name="modules/org-netbeans-modules-sendopts.jar"/>
    </module_version>
</module>
