<?xml version="1.0" encoding="UTF-8" standalone="no"?>
<module codename="org.netbeans.core/2">
    <module_version install_time="1311882842393" last="false" origin="installer" specification_version="3.25.1">
        <file crc="1234898518" name="config/ModuleAutoDeps/org-netbeans-core.xml"/>
        <file crc="2943625018" name="config/Modules/org-netbeans-core.xml"/>
        <file crc="2601114686" name="modules/ext/nsProxyAutoConfig.js"/>
        <file crc="3222045000" name="modules/org-netbeans-core.jar"/>
    </module_version>
    <module_version install_time="1315342231063" last="true" origin="NetBeans Distribution" specification_version="3.25.2">
        <file crc="2365888058" name="modules/locale/org-netbeans-core_ja.jar"/>
        <file crc="4243840740" name="modules/locale/org-netbeans-core_pt_BR.jar"/>
        <file crc="3540219553" name="modules/locale/org-netbeans-core_ru.jar"/>
        <file crc="130193005" name="modules/locale/org-netbeans-core_zh_CN.jar"/>
        <file crc="1234898518" name="config/ModuleAutoDeps/org-netbeans-core.xml"/>
        <file crc="2943625018" name="config/Modules/org-netbeans-core.xml"/>
        <file crc="2601114686" name="modules/ext/nsProxyAutoConfig.js"/>
        <file crc="3339172794" name="modules/org-netbeans-core.jar"/>
    </module_version>
</module>
