<?xml version="1.0" encoding="UTF-8"?>
<module codename="org.openide.util.enumerations">
    <module_version install_time="1323094063583" last="true" origin="installer" specification_version="6.19.1">
        <file crc="4290833959" name="config/Modules/org-openide-util-enumerations.xml"/>
        <file crc="1110427056" name="modules/locale/org-openide-util-enumerations_ja.jar"/>
        <file crc="3299115230" name="modules/locale/org-openide-util-enumerations_pt_BR.jar"/>
        <file crc="1976938356" name="modules/locale/org-openide-util-enumerations_ru.jar"/>
        <file crc="3464569492" name="modules/locale/org-openide-util-enumerations_zh_CN.jar"/>
        <file crc="1934411092" name="modules/org-openide-util-enumerations.jar"/>
    </module_version>
</module>
