<?xml version="1.0" encoding="UTF-8"?>
<module codename="org.netbeans.modules.autoupdate.services">
    <module_version install_time="1323094126541" last="true" origin="installer" specification_version="1.28.1">
        <file crc="83784818" name="config/Modules/org-netbeans-modules-autoupdate-services.xml"/>
        <file crc="4184624821" name="modules/ext/locale/updater_ja.jar"/>
        <file crc="642429130" name="modules/ext/locale/updater_pt_BR.jar"/>
        <file crc="776535008" name="modules/ext/locale/updater_ru.jar"/>
        <file crc="1466552781" name="modules/ext/locale/updater_zh_CN.jar"/>
        <file crc="2784423069" name="modules/ext/updater.jar"/>
        <file crc="1287317095" name="modules/locale/org-netbeans-modules-autoupdate-services_ja.jar"/>
        <file crc="1026564213" name="modules/locale/org-netbeans-modules-autoupdate-services_pt_BR.jar"/>
        <file crc="3414733782" name="modules/locale/org-netbeans-modules-autoupdate-services_ru.jar"/>
        <file crc="2678472323" name="modules/locale/org-netbeans-modules-autoupdate-services_zh_CN.jar"/>
        <file crc="643143168" name="modules/org-netbeans-modules-autoupdate-services.jar"/>
    </module_version>
</module>
