<?xml version="1.0" encoding="UTF-8"?>
<module codename="org.openide.windows">
    <module_version install_time="1323094083612" last="true" origin="installer" specification_version="6.48.1">
        <file crc="3877728110" name="config/Modules/org-openide-windows.xml"/>
        <file crc="2426824590" name="modules/locale/org-openide-windows_ja.jar"/>
        <file crc="670705359" name="modules/locale/org-openide-windows_pt_BR.jar"/>
        <file crc="551865623" name="modules/locale/org-openide-windows_ru.jar"/>
        <file crc="2278499692" name="modules/locale/org-openide-windows_zh_CN.jar"/>
        <file crc="210150918" name="modules/org-openide-windows.jar"/>
    </module_version>
</module>
