<?xml version="1.0" encoding="UTF-8" standalone="no"?>
<module codename="org.netbeans.modules.masterfs/2">
    <module_version install_time="1311882632578" last="false" origin="installer" specification_version="2.32.1">
        <file crc="1644917168" name="config/Modules/org-netbeans-modules-masterfs.xml"/>
        <file crc="1132378234" name="modules/org-netbeans-modules-masterfs.jar"/>
    </module_version>
    <module_version install_time="1326312457090" last="true" origin="updater" specification_version="2.32.2">
        <file crc="2960554609" name="modules/locale/org-netbeans-modules-masterfs_ja.jar"/>
        <file crc="2433192552" name="modules/locale/org-netbeans-modules-masterfs_pt_BR.jar"/>
        <file crc="2034105703" name="modules/locale/org-netbeans-modules-masterfs_ru.jar"/>
        <file crc="1810245401" name="modules/locale/org-netbeans-modules-masterfs_zh_CN.jar"/>
        <file crc="1644917168" name="config/Modules/org-netbeans-modules-masterfs.xml"/>
        <file crc="2865873052" name="modules/org-netbeans-modules-masterfs.jar"/>
    </module_version>
</module>
