<?xml version="1.0" encoding="UTF-8"?>
<module codename="org.netbeans.api.visual">
    <module_version install_time="1323094114890" last="true" origin="installer" specification_version="2.30.1">
        <file crc="1235850484" name="config/Modules/org-netbeans-api-visual.xml"/>
        <file crc="752007866" name="modules/locale/org-netbeans-api-visual_ja.jar"/>
        <file crc="2078173257" name="modules/locale/org-netbeans-api-visual_pt_BR.jar"/>
        <file crc="2819544096" name="modules/locale/org-netbeans-api-visual_ru.jar"/>
        <file crc="2931840119" name="modules/locale/org-netbeans-api-visual_zh_CN.jar"/>
        <file crc="658655420" name="modules/org-netbeans-api-visual.jar"/>
    </module_version>
</module>
