<?xml version="1.0" encoding="UTF-8"?>
<module codename="org.netbeans.core.io.ui/1">
    <module_version install_time="1323094125102" last="true" origin="installer" specification_version="1.14.1">
        <file crc="937424920" name="config/Modules/org-netbeans-core-io-ui.xml"/>
        <file crc="3698045779" name="modules/locale/org-netbeans-core-io-ui_ja.jar"/>
        <file crc="1237752161" name="modules/locale/org-netbeans-core-io-ui_pt_BR.jar"/>
        <file crc="647679293" name="modules/locale/org-netbeans-core-io-ui_ru.jar"/>
        <file crc="1594671726" name="modules/locale/org-netbeans-core-io-ui_zh_CN.jar"/>
        <file crc="1290162259" name="modules/org-netbeans-core-io-ui.jar"/>
    </module_version>
</module>
