<?xml version="1.0" encoding="UTF-8"?>
<module codename="org.netbeans.modules.options.keymap">
    <module_version install_time="1323094109064" last="true" origin="installer" specification_version="1.16.1">
        <file crc="2363851279" name="config/Modules/org-netbeans-modules-options-keymap.xml"/>
        <file crc="4288020444" name="modules/locale/org-netbeans-modules-options-keymap_ja.jar"/>
        <file crc="1107607070" name="modules/locale/org-netbeans-modules-options-keymap_pt_BR.jar"/>
        <file crc="95177698" name="modules/locale/org-netbeans-modules-options-keymap_ru.jar"/>
        <file crc="4194697715" name="modules/locale/org-netbeans-modules-options-keymap_zh_CN.jar"/>
        <file crc="3125469206" name="modules/org-netbeans-modules-options-keymap.jar"/>
    </module_version>
</module>
