<?xml version="1.0" encoding="UTF-8"?>
<module codename="org.openide.io">
    <module_version install_time="1323094044134" last="true" origin="installer" specification_version="1.29.1">
        <file crc="3834804485" name="config/Modules/org-openide-io.xml"/>
        <file crc="1940329288" name="modules/locale/org-openide-io_ja.jar"/>
        <file crc="2788006041" name="modules/locale/org-openide-io_pt_BR.jar"/>
        <file crc="1648315137" name="modules/locale/org-openide-io_ru.jar"/>
        <file crc="2506904670" name="modules/locale/org-openide-io_zh_CN.jar"/>
        <file crc="331472024" name="modules/org-openide-io.jar"/>
    </module_version>
</module>
