<?xml version="1.0" encoding="UTF-8"?>
<module codename="org.netbeans.modules.editor.mimelookup/1">
    <module_version install_time="1323094050194" last="true" origin="installer" specification_version="1.24.1">
        <file crc="244035803" name="config/Modules/org-netbeans-modules-editor-mimelookup.xml"/>
        <file crc="3699770278" name="modules/locale/org-netbeans-modules-editor-mimelookup_ja.jar"/>
        <file crc="859964456" name="modules/locale/org-netbeans-modules-editor-mimelookup_pt_BR.jar"/>
        <file crc="2043635701" name="modules/locale/org-netbeans-modules-editor-mimelookup_ru.jar"/>
        <file crc="1804868195" name="modules/locale/org-netbeans-modules-editor-mimelookup_zh_CN.jar"/>
        <file crc="2666201461" name="modules/org-netbeans-modules-editor-mimelookup.jar"/>
    </module_version>
</module>
