<?xml version="1.0" encoding="UTF-8" standalone="no"?>
<module codename="org.openide.awt">
    <module_version install_time="1311882559599" last="false" origin="installer" specification_version="7.31.1">
        <file crc="3208246121" name="config/Modules/org-openide-awt.xml"/>
        <file crc="1752277306" name="modules/org-openide-awt.jar"/>
    </module_version>
    <module_version install_time="1326312455951" last="true" origin="updater" specification_version="7.31.2">
        <file crc="2244385967" name="modules/locale/org-openide-awt_ja.jar"/>
        <file crc="224280433" name="modules/locale/org-openide-awt_pt_BR.jar"/>
        <file crc="174364610" name="modules/locale/org-openide-awt_ru.jar"/>
        <file crc="2756707859" name="modules/locale/org-openide-awt_zh_CN.jar"/>
        <file crc="3208246121" name="config/Modules/org-openide-awt.xml"/>
        <file crc="41917553" name="modules/org-openide-awt.jar"/>
    </module_version>
</module>
