<?xml version="1.0" encoding="UTF-8"?>
<module codename="org.netbeans.modules.masterfs/2">
    <module_version install_time="1323094054636" last="true" origin="installer" specification_version="2.34.1">
        <file crc="1644917168" name="config/Modules/org-netbeans-modules-masterfs.xml"/>
        <file crc="1678932257" name="modules/locale/org-netbeans-modules-masterfs_ja.jar"/>
        <file crc="2607946158" name="modules/locale/org-netbeans-modules-masterfs_pt_BR.jar"/>
        <file crc="2442664360" name="modules/locale/org-netbeans-modules-masterfs_ru.jar"/>
        <file crc="3274142294" name="modules/locale/org-netbeans-modules-masterfs_zh_CN.jar"/>
        <file crc="8116291" name="modules/org-netbeans-modules-masterfs.jar"/>
    </module_version>
</module>
