<?xml version="1.0" encoding="UTF-8"?>
<module codename="org.netbeans.swing.tabcontrol">
    <module_version install_time="1323094066611" last="true" origin="installer" specification_version="1.29.1">
        <file crc="327432460" name="config/Modules/org-netbeans-swing-tabcontrol.xml"/>
        <file crc="1448229566" name="modules/locale/org-netbeans-swing-tabcontrol_ja.jar"/>
        <file crc="399716226" name="modules/locale/org-netbeans-swing-tabcontrol_pt_BR.jar"/>
        <file crc="2622466049" name="modules/locale/org-netbeans-swing-tabcontrol_ru.jar"/>
        <file crc="743173214" name="modules/locale/org-netbeans-swing-tabcontrol_zh_CN.jar"/>
        <file crc="4236518531" name="modules/org-netbeans-swing-tabcontrol.jar"/>
    </module_version>
</module>
