<?xml version="1.0" encoding="UTF-8"?>
<module codename="org.netbeans.modules.core.kit">
    <module_version install_time="1323094073655" last="true" origin="installer" specification_version="1.14.1">
        <file crc="2391224559" name="config/Modules/org-netbeans-modules-core-kit.xml"/>
        <file crc="3900706272" name="modules/locale/org-netbeans-modules-core-kit_ja.jar"/>
        <file crc="51810625" name="modules/locale/org-netbeans-modules-core-kit_pt_BR.jar"/>
        <file crc="3806901670" name="modules/locale/org-netbeans-modules-core-kit_ru.jar"/>
        <file crc="2295463517" name="modules/locale/org-netbeans-modules-core-kit_zh_CN.jar"/>
        <file crc="3242966159" name="modules/org-netbeans-modules-core-kit.jar"/>
    </module_version>
</module>
