<?xml version="1.0" encoding="UTF-8"?>
<module codename="org.netbeans.modules.editor.mimelookup/1">
    <module_version install_time="1323291957279" last="true" origin="installer" specification_version="1.24.1">
        <file crc="244035803" name="config/Modules/org-netbeans-modules-editor-mimelookup.xml"/>
        <file crc="90666528" name="modules/locale/org-netbeans-modules-editor-mimelookup_ja.jar"/>
        <file crc="3220935889" name="modules/locale/org-netbeans-modules-editor-mimelookup_pt_BR.jar"/>
        <file crc="1974445476" name="modules/locale/org-netbeans-modules-editor-mimelookup_ru.jar"/>
        <file crc="4066673033" name="modules/locale/org-netbeans-modules-editor-mimelookup_zh_CN.jar"/>
        <file crc="4140582375" name="modules/org-netbeans-modules-editor-mimelookup.jar"/>
    </module_version>
</module>
