<?xml version="1.0" encoding="UTF-8"?>
<module codename="org.netbeans.core.osgi">
    <module_version install_time="1323094092238" last="true" origin="installer" specification_version="1.7.1">
        <file crc="4106410406" name="config/Modules/org-netbeans-core-osgi.xml"/>
        <file crc="3686606660" name="modules/locale/org-netbeans-core-osgi_ja.jar"/>
        <file crc="3444479579" name="modules/locale/org-netbeans-core-osgi_pt_BR.jar"/>
        <file crc="3845492624" name="modules/locale/org-netbeans-core-osgi_ru.jar"/>
        <file crc="993155982" name="modules/locale/org-netbeans-core-osgi_zh_CN.jar"/>
        <file crc="2617406391" name="modules/org-netbeans-core-osgi.jar"/>
    </module_version>
</module>
