<?xml version="1.0" encoding="UTF-8"?>
<module codename="org.netbeans.core.multiview/1">
    <module_version install_time="1323094045660" last="true" origin="installer" specification_version="1.26.1">
        <file crc="3216778929" name="config/Modules/org-netbeans-core-multiview.xml"/>
        <file crc="2384715471" name="modules/locale/org-netbeans-core-multiview_ja.jar"/>
        <file crc="1209298778" name="modules/locale/org-netbeans-core-multiview_pt_BR.jar"/>
        <file crc="2361960219" name="modules/locale/org-netbeans-core-multiview_ru.jar"/>
        <file crc="3619665576" name="modules/locale/org-netbeans-core-multiview_zh_CN.jar"/>
        <file crc="4104043559" name="modules/org-netbeans-core-multiview.jar"/>
    </module_version>
</module>
