<?xml version="1.0" encoding="UTF-8"?>
<module codename="org.netbeans.spi.quicksearch">
    <module_version install_time="1323094110558" last="true" origin="installer" specification_version="1.12.1">
        <file crc="2420451830" name="config/Modules/org-netbeans-spi-quicksearch.xml"/>
        <file crc="376874168" name="modules/locale/org-netbeans-spi-quicksearch_ja.jar"/>
        <file crc="1681339451" name="modules/locale/org-netbeans-spi-quicksearch_pt_BR.jar"/>
        <file crc="2253369503" name="modules/locale/org-netbeans-spi-quicksearch_ru.jar"/>
        <file crc="946986181" name="modules/locale/org-netbeans-spi-quicksearch_zh_CN.jar"/>
        <file crc="3163305053" name="modules/org-netbeans-spi-quicksearch.jar"/>
    </module_version>
</module>
