<?xml version="1.0" encoding="UTF-8"?>
<module codename="org.openide.explorer">
    <module_version install_time="1323094130989" last="true" origin="installer" specification_version="6.40.1">
        <file crc="3046209104" name="config/Modules/org-openide-explorer.xml"/>
        <file crc="3606445936" name="modules/locale/org-openide-explorer_ja.jar"/>
        <file crc="2881406199" name="modules/locale/org-openide-explorer_pt_BR.jar"/>
        <file crc="1795052843" name="modules/locale/org-openide-explorer_ru.jar"/>
        <file crc="93165346" name="modules/locale/org-openide-explorer_zh_CN.jar"/>
        <file crc="2202848063" name="modules/org-openide-explorer.jar"/>
    </module_version>
</module>
