<?xml version="1.0" encoding="UTF-8"?>
<module codename="org.netbeans.libs.jna/1">
    <module_version install_time="1323094104840" last="true" origin="installer" specification_version="1.16.1">
        <file crc="1637808577" name="config/Modules/org-netbeans-libs-jna.xml"/>
        <file crc="3581036595" name="modules/ext/jna-3.2.7.jar"/>
        <file crc="3275762292" name="modules/locale/org-netbeans-libs-jna_ja.jar"/>
        <file crc="1563475838" name="modules/locale/org-netbeans-libs-jna_pt_BR.jar"/>
        <file crc="2788428745" name="modules/locale/org-netbeans-libs-jna_ru.jar"/>
        <file crc="1717794926" name="modules/locale/org-netbeans-libs-jna_zh_CN.jar"/>
        <file crc="748123217" name="modules/org-netbeans-libs-jna.jar"/>
    </module_version>
</module>
