<?xml version="1.0" encoding="UTF-8"?>
<module codename="org.netbeans.core/2">
    <module_version install_time="1323094057635" last="true" origin="installer" specification_version="3.28.1">
        <file crc="2943625018" name="config/Modules/org-netbeans-core.xml"/>
        <file crc="1586795340" name="modules/locale/org-netbeans-core_ja.jar"/>
        <file crc="3860761625" name="modules/locale/org-netbeans-core_pt_BR.jar"/>
        <file crc="260081167" name="modules/locale/org-netbeans-core_ru.jar"/>
        <file crc="443276728" name="modules/locale/org-netbeans-core_zh_CN.jar"/>
        <file crc="2740783591" name="modules/org-netbeans-core.jar"/>
    </module_version>
</module>
