<?xml version="1.0" encoding="UTF-8"?>
<module codename="org.openide.options">
    <module_version install_time="1323094096501" last="true" origin="installer" specification_version="6.21.1">
        <file crc="2763036759" name="config/Modules/org-openide-options.xml"/>
        <file crc="2113471066" name="modules/locale/org-openide-options_ja.jar"/>
        <file crc="171471031" name="modules/locale/org-openide-options_pt_BR.jar"/>
        <file crc="1523506079" name="modules/locale/org-openide-options_ru.jar"/>
        <file crc="1398598004" name="modules/locale/org-openide-options_zh_CN.jar"/>
        <file crc="1600818268" name="modules/org-openide-options.jar"/>
    </module_version>
</module>
