<?xml version="1.0" encoding="UTF-8"?>
<module codename="org.netbeans.modules.settings/1">
    <module_version install_time="1323094068037" last="true" origin="installer" specification_version="1.33.1">
        <file crc="554047262" name="config/Modules/org-netbeans-modules-settings.xml"/>
        <file crc="2836279304" name="modules/locale/org-netbeans-modules-settings_ja.jar"/>
        <file crc="1664578581" name="modules/locale/org-netbeans-modules-settings_pt_BR.jar"/>
        <file crc="1571186147" name="modules/locale/org-netbeans-modules-settings_ru.jar"/>
        <file crc="3374398676" name="modules/locale/org-netbeans-modules-settings_zh_CN.jar"/>
        <file crc="1904074626" name="modules/org-netbeans-modules-settings.jar"/>
    </module_version>
</module>
