<?xml version="1.0" encoding="UTF-8"?>
<module codename="org.netbeans.modules.keyring">
    <module_version install_time="1323094119300" last="true" origin="installer" specification_version="1.8.1">
        <file crc="3581559990" name="config/Modules/org-netbeans-modules-keyring.xml"/>
        <file crc="1792384528" name="modules/locale/org-netbeans-modules-keyring_ja.jar"/>
        <file crc="1095183695" name="modules/locale/org-netbeans-modules-keyring_pt_BR.jar"/>
        <file crc="4251471238" name="modules/locale/org-netbeans-modules-keyring_ru.jar"/>
        <file crc="201438584" name="modules/locale/org-netbeans-modules-keyring_zh_CN.jar"/>
        <file crc="4216270611" name="modules/org-netbeans-modules-keyring.jar"/>
    </module_version>
</module>
