<?xml version="1.0" encoding="UTF-8"?>
<module codename="org.netbeans.api.annotations.common/1">
    <module_version install_time="1323094106252" last="true" origin="installer" specification_version="1.11.1">
        <file crc="1285559856" name="config/Modules/org-netbeans-api-annotations-common.xml"/>
        <file crc="1055247770" name="modules/locale/org-netbeans-api-annotations-common_ja.jar"/>
        <file crc="3648896886" name="modules/locale/org-netbeans-api-annotations-common_pt_BR.jar"/>
        <file crc="179113788" name="modules/locale/org-netbeans-api-annotations-common_ru.jar"/>
        <file crc="2047492957" name="modules/locale/org-netbeans-api-annotations-common_zh_CN.jar"/>
        <file crc="3165223404" name="modules/org-netbeans-api-annotations-common.jar"/>
    </module_version>
</module>
