<?xml version="1.0" encoding="UTF-8"?>
<module codename="org.netbeans.swing.plaf">
    <module_version install_time="1323094112047" last="true" origin="installer" specification_version="1.23.1">
        <file crc="4198966476" name="config/Modules/org-netbeans-swing-plaf.xml"/>
        <file crc="3711115324" name="modules/locale/org-netbeans-swing-plaf_ja.jar"/>
        <file crc="741872907" name="modules/locale/org-netbeans-swing-plaf_pt_BR.jar"/>
        <file crc="1051026777" name="modules/locale/org-netbeans-swing-plaf_ru.jar"/>
        <file crc="1706231136" name="modules/locale/org-netbeans-swing-plaf_zh_CN.jar"/>
        <file crc="2102588297" name="modules/org-netbeans-swing-plaf.jar"/>
    </module_version>
</module>
