<?xml version="1.0" encoding="UTF-8"?>
<module codename="org.openide.execution">
    <module_version install_time="1323094053127" last="true" origin="installer" specification_version="1.24.1">
        <file crc="1899864534" name="config/Modules/org-openide-execution.xml"/>
        <file crc="1789523639" name="modules/locale/org-openide-execution_ja.jar"/>
        <file crc="981000939" name="modules/locale/org-openide-execution_pt_BR.jar"/>
        <file crc="3571318647" name="modules/locale/org-openide-execution_ru.jar"/>
        <file crc="2259979021" name="modules/locale/org-openide-execution_zh_CN.jar"/>
        <file crc="1786474429" name="modules/org-openide-execution.jar"/>
    </module_version>
</module>
