<?xml version="1.0" encoding="UTF-8"?>
<module codename="org.netbeans.libs.felix">
    <module_version install_time="1323292029563" last="true" origin="installer" specification_version="2.1.1">
        <file crc="1327048437" name="config/Modules/org-netbeans-libs-felix.xml"/>
        <file crc="3836292269" name="modules/ext/felix-3.2.2.jar"/>
        <file crc="2383519663" name="modules/locale/org-netbeans-libs-felix_ja.jar"/>
        <file crc="1363529517" name="modules/locale/org-netbeans-libs-felix_pt_BR.jar"/>
        <file crc="3895132834" name="modules/locale/org-netbeans-libs-felix_ru.jar"/>
        <file crc="3011232371" name="modules/locale/org-netbeans-libs-felix_zh_CN.jar"/>
        <file crc="459384102" name="modules/org-netbeans-libs-felix.jar"/>
    </module_version>
</module>
