<?xml version="1.0" encoding="UTF-8"?>
<module codename="org.openide.awt">
    <module_version install_time="1323094123716" last="true" origin="installer" specification_version="7.39.1">
        <file crc="3208246121" name="config/Modules/org-openide-awt.xml"/>
        <file crc="967495927" name="modules/locale/org-openide-awt_ja.jar"/>
        <file crc="193651572" name="modules/locale/org-openide-awt_pt_BR.jar"/>
        <file crc="2193399591" name="modules/locale/org-openide-awt_ru.jar"/>
        <file crc="2219525577" name="modules/locale/org-openide-awt_zh_CN.jar"/>
        <file crc="396140228" name="modules/org-openide-awt.jar"/>
    </module_version>
</module>
