<?xml version="1.0" encoding="UTF-8"?>
<module codename="org.openide.compat">
    <module_version install_time="1323094113443" last="true" origin="installer" specification_version="6.19.1">
        <file crc="1028000658" name="config/Modules/org-openide-compat.xml"/>
        <file crc="3154326912" name="modules/locale/org-openide-compat_ja.jar"/>
        <file crc="2791491069" name="modules/locale/org-openide-compat_pt_BR.jar"/>
        <file crc="2654584842" name="modules/locale/org-openide-compat_ru.jar"/>
        <file crc="3349885605" name="modules/locale/org-openide-compat_zh_CN.jar"/>
        <file crc="3607956349" name="modules/org-openide-compat.jar"/>
    </module_version>
</module>
