<?xml version="1.0" encoding="UTF-8"?>
<module codename="org.netbeans.core.nativeaccess/1">
    <module_version install_time="1323094062096" last="true" origin="installer" specification_version="1.14.1">
        <file crc="1370516056" name="config/Modules/org-netbeans-core-nativeaccess.xml"/>
        <file crc="19387817" name="modules/ext/platform-3.2.7.jar"/>
        <file crc="2567478254" name="modules/locale/org-netbeans-core-nativeaccess_ja.jar"/>
        <file crc="1356888656" name="modules/locale/org-netbeans-core-nativeaccess_pt_BR.jar"/>
        <file crc="324023425" name="modules/locale/org-netbeans-core-nativeaccess_ru.jar"/>
        <file crc="513097004" name="modules/locale/org-netbeans-core-nativeaccess_zh_CN.jar"/>
        <file crc="2464161302" name="modules/org-netbeans-core-nativeaccess.jar"/>
    </module_version>
</module>
