<?xml version="1.0" encoding="UTF-8"?>
<module codename="org.openide.text">
    <module_version install_time="1323094076527" last="true" origin="installer" specification_version="6.43.1">
        <file crc="1795978028" name="config/Modules/org-openide-text.xml"/>
        <file crc="1763421526" name="modules/locale/org-openide-text_ja.jar"/>
        <file crc="2983514468" name="modules/locale/org-openide-text_pt_BR.jar"/>
        <file crc="3792413660" name="modules/locale/org-openide-text_ru.jar"/>
        <file crc="2893696824" name="modules/locale/org-openide-text_zh_CN.jar"/>
        <file crc="2205879941" name="modules/org-openide-text.jar"/>
    </module_version>
</module>
