<?xml version="1.0" encoding="UTF-8"?>
<module codename="org.netbeans.core/2">
    <module_version install_time="1323291964474" last="true" origin="installer" specification_version="3.28.1">
        <file crc="2943625018" name="config/Modules/org-netbeans-core.xml"/>
        <file crc="1211352786" name="modules/locale/org-netbeans-core_ja.jar"/>
        <file crc="692023335" name="modules/locale/org-netbeans-core_pt_BR.jar"/>
        <file crc="2381224400" name="modules/locale/org-netbeans-core_ru.jar"/>
        <file crc="4247215291" name="modules/locale/org-netbeans-core_zh_CN.jar"/>
        <file crc="523056223" name="modules/org-netbeans-core.jar"/>
    </module_version>
</module>
