<?xml version="1.0" encoding="UTF-8"?>
<module codename="org.netbeans.modules.applemenu/1">
    <module_version install_time="1323094117885" last="true" origin="installer" specification_version="1.22.1">
        <file crc="2121659589" name="config/Modules/org-netbeans-modules-applemenu.xml"/>
        <file crc="2990550784" name="modules/locale/org-netbeans-modules-applemenu_ja.jar"/>
        <file crc="3338981988" name="modules/locale/org-netbeans-modules-applemenu_pt_BR.jar"/>
        <file crc="1703219173" name="modules/locale/org-netbeans-modules-applemenu_ru.jar"/>
        <file crc="2093962490" name="modules/locale/org-netbeans-modules-applemenu_zh_CN.jar"/>
        <file crc="3233682590" name="modules/org-netbeans-modules-applemenu.jar"/>
    </module_version>
</module>
