<?xml version="1.0" encoding="UTF-8"?>
<module codename="org.netbeans.core.ui/1">
    <module_version install_time="1323094095099" last="true" origin="installer" specification_version="1.29.1">
        <file crc="3186674130" name="config/Modules/org-netbeans-core-ui.xml"/>
        <file crc="501685164" name="modules/locale/org-netbeans-core-ui_ja.jar"/>
        <file crc="3694975710" name="modules/locale/org-netbeans-core-ui_pt_BR.jar"/>
        <file crc="1916516819" name="modules/locale/org-netbeans-core-ui_ru.jar"/>
        <file crc="782180604" name="modules/locale/org-netbeans-core-ui_zh_CN.jar"/>
        <file crc="69856365" name="modules/org-netbeans-core-ui.jar"/>
    </module_version>
</module>
