<?xml version="1.0" encoding="UTF-8"?>
<module codename="org.netbeans.modules.progress.ui">
    <module_version install_time="1323094089328" last="true" origin="installer" specification_version="1.18.1">
        <file crc="3222128542" name="config/Modules/org-netbeans-modules-progress-ui.xml"/>
        <file crc="2602955902" name="modules/locale/org-netbeans-modules-progress-ui_ja.jar"/>
        <file crc="889157568" name="modules/locale/org-netbeans-modules-progress-ui_pt_BR.jar"/>
        <file crc="2495768307" name="modules/locale/org-netbeans-modules-progress-ui_ru.jar"/>
        <file crc="2372847690" name="modules/locale/org-netbeans-modules-progress-ui_zh_CN.jar"/>
        <file crc="3371399010" name="modules/org-netbeans-modules-progress-ui.jar"/>
    </module_version>
</module>
