<?xml version="1.0" encoding="UTF-8"?>
<module codename="org.netbeans.core.output2/1">
    <module_version install_time="1323094051636" last="true" origin="installer" specification_version="1.24.1">
        <file crc="1198063063" name="config/Modules/org-netbeans-core-output2.xml"/>
        <file crc="3550220783" name="modules/locale/org-netbeans-core-output2_ja.jar"/>
        <file crc="4257636870" name="modules/locale/org-netbeans-core-output2_pt_BR.jar"/>
        <file crc="3710884855" name="modules/locale/org-netbeans-core-output2_ru.jar"/>
        <file crc="1362116231" name="modules/locale/org-netbeans-core-output2_zh_CN.jar"/>
        <file crc="3020882061" name="modules/org-netbeans-core-output2.jar"/>
    </module_version>
</module>
