<?xml version="1.0" encoding="UTF-8"?>
<module codename="org.netbeans.swing.plaf">
    <module_version install_time="1323292019497" last="true" origin="installer" specification_version="1.23.1">
        <file crc="4198966476" name="config/Modules/org-netbeans-swing-plaf.xml"/>
        <file crc="254130805" name="modules/locale/org-netbeans-swing-plaf_ja.jar"/>
        <file crc="395214888" name="modules/locale/org-netbeans-swing-plaf_pt_BR.jar"/>
        <file crc="350476585" name="modules/locale/org-netbeans-swing-plaf_ru.jar"/>
        <file crc="3830134087" name="modules/locale/org-netbeans-swing-plaf_zh_CN.jar"/>
        <file crc="901020691" name="modules/org-netbeans-swing-plaf.jar"/>
    </module_version>
</module>
