<?xml version="1.0" encoding="UTF-8"?>
<module codename="org.netbeans.libs.felix">
    <module_version install_time="1323094122222" last="true" origin="installer" specification_version="2.1.1">
        <file crc="1327048437" name="config/Modules/org-netbeans-libs-felix.xml"/>
        <file crc="3836292269" name="modules/ext/felix-3.2.2.jar"/>
        <file crc="2039142165" name="modules/locale/org-netbeans-libs-felix_ja.jar"/>
        <file crc="134854160" name="modules/locale/org-netbeans-libs-felix_pt_BR.jar"/>
        <file crc="1068723198" name="modules/locale/org-netbeans-libs-felix_ru.jar"/>
        <file crc="4216597728" name="modules/locale/org-netbeans-libs-felix_zh_CN.jar"/>
        <file crc="2033481885" name="modules/org-netbeans-libs-felix.jar"/>
    </module_version>
</module>
