<?xml version="1.0" encoding="UTF-8" standalone="no"?>
<module codename="gianlucacosta86.easypmd2/2">
    <module_version install_time="1313683466228" last="true" origin="Plugin Portal" specification_version="2.1">
        <file crc="1657523080" name="config/Modules/gianlucacosta86-easypmd2.xml"/>
        <file crc="1164244515" name="modules/docs/gianlucacosta86-easypmd2.jar"/>
        <file crc="3874688643" name="modules/ext/asm-3.1.jar"/>
        <file crc="3373786669" name="modules/ext/commons-lang3-3.0-beta.jar"/>
        <file crc="949481988" name="modules/ext/jaxen-1.1.1.jar"/>
        <file crc="1508070395" name="modules/ext/junit-4.4.jar"/>
        <file crc="4100041178" name="modules/ext/pmd-4.2.5.jar"/>
        <file crc="1917571542" name="modules/gianlucacosta86-easypmd2.jar"/>
    </module_version>
</module>
