<?xml version="1.0" encoding="UTF-8" standalone="no"?>
<module codename="org.netbeans.libs.svnjavahlwin32/2">
    <module_version install_time="1313683462010" last="true" origin="Certified Plugins" specification_version="0.3">
        <file crc="3969559276" name="config/Modules/org-netbeans-libs-svnjavahlwin32.xml"/>
        <file crc="504135117" name="modules/lib/libapr-1.dll"/>
        <file crc="3451666032" name="modules/lib/libapriconv-1.dll"/>
        <file crc="883838067" name="modules/lib/libaprutil-1.dll"/>
        <file crc="1575740029" name="modules/lib/libeay32.dll"/>
        <file crc="1071998054" name="modules/lib/libsasl.dll"/>
        <file crc="2421280455" name="modules/lib/libsvn_client-1.dll"/>
        <file crc="226564587" name="modules/lib/libsvn_delta-1.dll"/>
        <file crc="3717520748" name="modules/lib/libsvn_diff-1.dll"/>
        <file crc="798459853" name="modules/lib/libsvn_fs-1.dll"/>
        <file crc="990335910" name="modules/lib/libsvn_ra-1.dll"/>
        <file crc="1191287007" name="modules/lib/libsvn_repos-1.dll"/>
        <file crc="1417771946" name="modules/lib/libsvn_subr-1.dll"/>
        <file crc="1132559348" name="modules/lib/libsvn_wc-1.dll"/>
        <file crc="2703408695" name="modules/lib/libsvnjavahl-1.dll"/>
        <file crc="3071353253" name="modules/lib/saslANONYMOUS.dll"/>
        <file crc="3465848477" name="modules/lib/saslCRAMMD5.dll"/>
        <file crc="2829263540" name="modules/lib/saslDIGESTMD5.dll"/>
        <file crc="728840421" name="modules/lib/saslNTLM.dll"/>
        <file crc="831047162" name="modules/lib/ssleay32.dll"/>
        <file crc="1287503005" name="modules/org-netbeans-libs-svnjavahlwin32.jar"/>
    </module_version>
</module>
