<?xml version="1.0" encoding="UTF-8" standalone="no"?>
<module codename="org.netbeans.libs.jira">
    <module_version install_time="1313683467516" last="true" origin="Certified Plugins" specification_version="1.1">
        <file crc="1548263313" name="config/Modules/org-netbeans-libs-jira.xml"/>
        <file crc="4119616522" name="modules/ext/com.atlassian.connector.eclipse.jira.core_2.1.0.jar"/>
        <file crc="730499646" name="modules/ext/commons-discovery-0.2.jar"/>
        <file crc="1301670547" name="modules/ext/javax.activation-1.1.0.jar"/>
        <file crc="1500589735" name="modules/ext/javax.mail-1.4.0.jar"/>
        <file crc="1232267126" name="modules/ext/javax.wsdl-1.6.2.jar"/>
        <file crc="2512542541" name="modules/ext/jaxrpc-1.1.0.jar"/>
        <file crc="1723161006" name="modules/ext/org.apache.axis-1.4.0.jar"/>
        <file crc="3108055748" name="modules/ext/org.eclipse.mylyn.commons.soap_3.3.0.jar"/>
        <file crc="1836990442" name="modules/org-netbeans-libs-jira.jar"/>
    </module_version>
</module>
