<?xml version="1.0" encoding="UTF-8"?>
<module codename="org.netbeans.modules.updatecenters/1">
    <module_version install_time="1323094013578" last="true" origin="installer" specification_version="1.25.1">
        <file crc="2121888661" name="config/Modules/org-netbeans-modules-updatecenters.xml"/>
        <file crc="774539457" name="modules/locale/org-netbeans-modules-updatecenters_ja.jar"/>
        <file crc="1533730576" name="modules/locale/org-netbeans-modules-updatecenters_pt_BR.jar"/>
        <file crc="54150841" name="modules/locale/org-netbeans-modules-updatecenters_ru.jar"/>
        <file crc="2151300145" name="modules/locale/org-netbeans-modules-updatecenters_zh_CN.jar"/>
        <file crc="3809788493" name="modules/org-netbeans-modules-updatecenters.jar"/>
    </module_version>
</module>
