<?xml version="1.0" encoding="UTF-8"?>
<module codename="org.netbeans.modules.uihandler.exceptionreporter">
    <module_version install_time="1323094010678" last="true" origin="installer" specification_version="1.14.1">
        <file crc="3498867761" name="config/Modules/org-netbeans-modules-uihandler-exceptionreporter.xml"/>
        <file crc="1129225388" name="modules/locale/org-netbeans-modules-uihandler-exceptionreporter_ja.jar"/>
        <file crc="560816804" name="modules/locale/org-netbeans-modules-uihandler-exceptionreporter_pt_BR.jar"/>
        <file crc="1880898995" name="modules/locale/org-netbeans-modules-uihandler-exceptionreporter_ru.jar"/>
        <file crc="2216527816" name="modules/locale/org-netbeans-modules-uihandler-exceptionreporter_zh_CN.jar"/>
        <file crc="4284096889" name="modules/org-netbeans-modules-uihandler-exceptionreporter.jar"/>
    </module_version>
</module>
