<?xml version="1.0" encoding="UTF-8"?>
<module codename="org.netbeans.modules.ide.branding.kit">
    <module_version install_time="1323291915071" last="true" origin="installer" specification_version="1.14.1">
        <file crc="237125903" name="config/Modules/org-netbeans-modules-ide-branding-kit.xml"/>
        <file crc="943337999" name="modules/locale/org-netbeans-modules-ide-branding-kit_ja.jar"/>
        <file crc="3763373903" name="modules/locale/org-netbeans-modules-ide-branding-kit_pt_BR.jar"/>
        <file crc="2595005415" name="modules/locale/org-netbeans-modules-ide-branding-kit_ru.jar"/>
        <file crc="2151414207" name="modules/locale/org-netbeans-modules-ide-branding-kit_zh_CN.jar"/>
        <file crc="2309031504" name="modules/org-netbeans-modules-ide-branding-kit.jar"/>
    </module_version>
</module>
