<?xml version="1.0" encoding="UTF-8"?>
<module codename="org.netbeans.lib.uihandler">
    <module_version install_time="1323094015006" last="true" origin="installer" specification_version="1.28.1">
        <file crc="4049691764" name="config/Modules/org-netbeans-lib-uihandler.xml"/>
        <file crc="2426916206" name="modules/locale/org-netbeans-lib-uihandler_ja.jar"/>
        <file crc="626039169" name="modules/locale/org-netbeans-lib-uihandler_pt_BR.jar"/>
        <file crc="102116665" name="modules/locale/org-netbeans-lib-uihandler_ru.jar"/>
        <file crc="92014453" name="modules/locale/org-netbeans-lib-uihandler_zh_CN.jar"/>
        <file crc="334680126" name="modules/org-netbeans-lib-uihandler.jar"/>
    </module_version>
</module>
