<?xml version="1.0" encoding="UTF-8"?>
<module codename="org.netbeans.modules.welcome/1">
    <module_version install_time="1323291912256" last="true" origin="installer" specification_version="1.26.1">
        <file crc="3488902111" name="config/Modules/org-netbeans-modules-welcome.xml"/>
        <file crc="2309090663" name="modules/locale/org-netbeans-modules-welcome_ja.jar"/>
        <file crc="2784648322" name="modules/locale/org-netbeans-modules-welcome_pt_BR.jar"/>
        <file crc="1470346953" name="modules/locale/org-netbeans-modules-welcome_ru.jar"/>
        <file crc="381858464" name="modules/locale/org-netbeans-modules-welcome_zh_CN.jar"/>
        <file crc="248553058" name="modules/org-netbeans-modules-welcome.jar"/>
    </module_version>
</module>
