<?xml version="1.0" encoding="UTF-8"?>
<module codename="org.netbeans.modules.autoupdate.pluginimporter">
    <module_version install_time="1323094016393" last="true" origin="installer" specification_version="1.3.1">
        <file crc="2803260829" name="config/Modules/org-netbeans-modules-autoupdate-pluginimporter.xml"/>
        <file crc="3856365781" name="modules/locale/org-netbeans-modules-autoupdate-pluginimporter_ja.jar"/>
        <file crc="2531627786" name="modules/locale/org-netbeans-modules-autoupdate-pluginimporter_pt_BR.jar"/>
        <file crc="2366728503" name="modules/locale/org-netbeans-modules-autoupdate-pluginimporter_ru.jar"/>
        <file crc="2704369251" name="modules/locale/org-netbeans-modules-autoupdate-pluginimporter_zh_CN.jar"/>
        <file crc="3504683891" name="modules/org-netbeans-modules-autoupdate-pluginimporter.jar"/>
    </module_version>
</module>
