<?xml version="1.0" encoding="UTF-8"?>
<module codename="org.netbeans.modules.uihandler">
    <module_version install_time="1323094017804" last="true" origin="installer" specification_version="2.18.1">
        <file crc="3675798995" name="config/Modules/org-netbeans-modules-uihandler.xml"/>
        <file crc="4078153403" name="modules/locale/org-netbeans-modules-uihandler_ja.jar"/>
        <file crc="1115195625" name="modules/locale/org-netbeans-modules-uihandler_pt_BR.jar"/>
        <file crc="1447955659" name="modules/locale/org-netbeans-modules-uihandler_ru.jar"/>
        <file crc="1707108966" name="modules/locale/org-netbeans-modules-uihandler_zh_CN.jar"/>
        <file crc="800691737" name="modules/org-netbeans-modules-uihandler.jar"/>
    </module_version>
</module>
