<?xml version="1.0" encoding="UTF-8"?>
<module codename="org.netbeans.modules.bugzilla.exceptionreporter">
    <module_version install_time="1323291913688" last="true" origin="installer" specification_version="1.7.1">
        <file crc="952666682" name="config/Modules/org-netbeans-modules-bugzilla-exceptionreporter.xml"/>
        <file crc="1094560366" name="modules/locale/org-netbeans-modules-bugzilla-exceptionreporter_ja.jar"/>
        <file crc="792061478" name="modules/locale/org-netbeans-modules-bugzilla-exceptionreporter_pt_BR.jar"/>
        <file crc="2509858184" name="modules/locale/org-netbeans-modules-bugzilla-exceptionreporter_ru.jar"/>
        <file crc="3884860289" name="modules/locale/org-netbeans-modules-bugzilla-exceptionreporter_zh_CN.jar"/>
        <file crc="605754362" name="modules/org-netbeans-modules-bugzilla-exceptionreporter.jar"/>
    </module_version>
</module>
