<?xml version="1.0" encoding="UTF-8"?>
<module codename="org.netbeans.modules.ide.branding.kit">
    <module_version install_time="1323094007817" last="true" origin="installer" specification_version="1.14.1">
        <file crc="237125903" name="config/Modules/org-netbeans-modules-ide-branding-kit.xml"/>
        <file crc="2269863052" name="modules/locale/org-netbeans-modules-ide-branding-kit_ja.jar"/>
        <file crc="2175921803" name="modules/locale/org-netbeans-modules-ide-branding-kit_pt_BR.jar"/>
        <file crc="2300831130" name="modules/locale/org-netbeans-modules-ide-branding-kit_ru.jar"/>
        <file crc="3064281276" name="modules/locale/org-netbeans-modules-ide-branding-kit_zh_CN.jar"/>
        <file crc="172200906" name="modules/org-netbeans-modules-ide-branding-kit.jar"/>
    </module_version>
</module>
