<?xml version="1.0" encoding="UTF-8"?>
<module codename="org.netbeans.modules.ide.branding/1">
    <module_version install_time="1311882163398" last="true" origin="installer" specification_version="1.16.1">
        <file crc="2739271892" name="config/Modules/org-netbeans-modules-ide-branding.xml"/>
        <file crc="899940256" name="core/locale/core_nb.jar"/>
        <file crc="1989009781" name="modules/ext/locale/updater_nb.jar"/>
        <file crc="367974988" name="modules/locale/org-netbeans-core-ui_nb.jar"/>
        <file crc="2184046017" name="modules/locale/org-netbeans-core-windows_nb.jar"/>
        <file crc="722219980" name="modules/locale/org-netbeans-core_nb.jar"/>
        <file crc="4073988010" name="modules/locale/org-netbeans-modules-autoupdate-ui_nb.jar"/>
        <file crc="1049485969" name="modules/locale/org-netbeans-modules-options-api_nb.jar"/>
        <file crc="2030403086" name="modules/locale/org-netbeans-spi-quicksearch_nb.jar"/>
        <file crc="909162826" name="modules/org-netbeans-modules-ide-branding.jar"/>
        <file crc="3765944826" name="netbeans.icns"/>
        <file crc="773200671" name="netbeans.png"/>
        <file crc="1089950549" name="shortcuts.pdf"/>
        <file crc="521788571" name="shortcuts_mac.pdf"/>
    </module_version>
</module>
