<?xml version="1.0" encoding="UTF-8"?>
<module codename="org.netbeans.modules.ide.branding/1">
    <module_version install_time="1323094009282" last="true" origin="installer" specification_version="1.18.1">
        <file crc="2739271892" name="config/Modules/org-netbeans-modules-ide-branding.xml"/>
        <file crc="3847783287" name="core/locale/core_nb.jar"/>
        <file crc="3025349138" name="core/locale/core_nb_ja.jar"/>
        <file crc="606830570" name="core/locale/core_nb_pt_BR.jar"/>
        <file crc="3261401051" name="core/locale/core_nb_ru.jar"/>
        <file crc="2170837192" name="core/locale/core_nb_zh_CN.jar"/>
        <file crc="1705888151" name="modules/ext/locale/updater_nb.jar"/>
        <file crc="3554152544" name="modules/locale/org-netbeans-core-netigso_nb.jar"/>
        <file crc="2986172219" name="modules/locale/org-netbeans-core-ui_nb.jar"/>
        <file crc="2628498654" name="modules/locale/org-netbeans-core-ui_nb_ja.jar"/>
        <file crc="700433063" name="modules/locale/org-netbeans-core-ui_nb_pt_BR.jar"/>
        <file crc="1011115297" name="modules/locale/org-netbeans-core-ui_nb_ru.jar"/>
        <file crc="2069460029" name="modules/locale/org-netbeans-core-ui_nb_zh_CN.jar"/>
        <file crc="2594702854" name="modules/locale/org-netbeans-core-windows_nb.jar"/>
        <file crc="3535798138" name="modules/locale/org-netbeans-core_nb.jar"/>
        <file crc="3911605341" name="modules/locale/org-netbeans-core_nb_ja.jar"/>
        <file crc="333646605" name="modules/locale/org-netbeans-core_nb_pt_BR.jar"/>
        <file crc="420303255" name="modules/locale/org-netbeans-core_nb_ru.jar"/>
        <file crc="3420512942" name="modules/locale/org-netbeans-core_nb_zh_CN.jar"/>
        <file crc="25275485" name="modules/locale/org-netbeans-modules-autoupdate-ui_nb.jar"/>
        <file crc="3874206902" name="modules/locale/org-netbeans-modules-autoupdate-ui_nb_ja.jar"/>
        <file crc="923268365" name="modules/locale/org-netbeans-modules-autoupdate-ui_nb_pt_BR.jar"/>
        <file crc="3125230885" name="modules/locale/org-netbeans-modules-autoupdate-ui_nb_ru.jar"/>
        <file crc="1300930252" name="modules/locale/org-netbeans-modules-autoupdate-ui_nb_zh_CN.jar"/>
        <file crc="326250839" name="modules/locale/org-netbeans-modules-ide-branding_ja.jar"/>
        <file crc="3390218607" name="modules/locale/org-netbeans-modules-ide-branding_pt_BR.jar"/>
        <file crc="301233391" name="modules/locale/org-netbeans-modules-ide-branding_ru.jar"/>
        <file crc="4021787511" name="modules/locale/org-netbeans-modules-ide-branding_zh_CN.jar"/>
        <file crc="99207532" name="modules/locale/org-netbeans-modules-options-api_nb.jar"/>
        <file crc="3421596716" name="modules/locale/org-netbeans-modules-options-api_nb_ja.jar"/>
        <file crc="383978840" name="modules/locale/org-netbeans-modules-options-api_nb_pt_BR.jar"/>
        <file crc="662717537" name="modules/locale/org-netbeans-modules-options-api_nb_ru.jar"/>
        <file crc="95284216" name="modules/locale/org-netbeans-modules-options-api_nb_zh_CN.jar"/>
        <file crc="1155353385" name="modules/locale/org-netbeans-spi-quicksearch_nb.jar"/>
        <file crc="716820245" name="modules/org-netbeans-modules-ide-branding.jar"/>
    </module_version>
</module>
