<?xml version="1.0" encoding="UTF-8"?>
<module codename="org.netbeans.modules.css.visual/1">
    <module_version install_time="1323291451959" last="true" origin="installer" specification_version="2.21.1">
        <file crc="841146648" name="config/Modules/org-netbeans-modules-css-visual.xml"/>
        <file crc="2814834802" name="modules/locale/org-netbeans-modules-css-visual_ja.jar"/>
        <file crc="152900184" name="modules/locale/org-netbeans-modules-css-visual_pt_BR.jar"/>
        <file crc="3180452933" name="modules/locale/org-netbeans-modules-css-visual_ru.jar"/>
        <file crc="2831417515" name="modules/locale/org-netbeans-modules-css-visual_zh_CN.jar"/>
        <file crc="3472362019" name="modules/org-netbeans-modules-css-visual.jar"/>
    </module_version>
</module>
