<?xml version="1.0" encoding="UTF-8"?>
<module codename="org.netbeans.modules.ide.kit">
    <module_version install_time="1323291592957" last="true" origin="installer" specification_version="1.17.1">
        <file crc="3415496542" name="config/Modules/org-netbeans-modules-ide-kit.xml"/>
        <file crc="244462792" name="modules/locale/org-netbeans-modules-ide-kit_ja.jar"/>
        <file crc="3894884051" name="modules/locale/org-netbeans-modules-ide-kit_pt_BR.jar"/>
        <file crc="919942406" name="modules/locale/org-netbeans-modules-ide-kit_ru.jar"/>
        <file crc="1087358566" name="modules/locale/org-netbeans-modules-ide-kit_zh_CN.jar"/>
        <file crc="697922371" name="modules/org-netbeans-modules-ide-kit.jar"/>
    </module_version>
</module>
