<?xml version="1.0" encoding="UTF-8"?>
<module codename="org.netbeans.modules.editor.indent.project/0">
    <module_version install_time="1323291482792" last="true" origin="installer" specification_version="1.7.1">
        <file crc="1994075921" name="config/Modules/org-netbeans-modules-editor-indent-project.xml"/>
        <file crc="4233815776" name="modules/locale/org-netbeans-modules-editor-indent-project_ja.jar"/>
        <file crc="782890513" name="modules/locale/org-netbeans-modules-editor-indent-project_pt_BR.jar"/>
        <file crc="4009718936" name="modules/locale/org-netbeans-modules-editor-indent-project_ru.jar"/>
        <file crc="1789029930" name="modules/locale/org-netbeans-modules-editor-indent-project_zh_CN.jar"/>
        <file crc="1178510311" name="modules/org-netbeans-modules-editor-indent-project.jar"/>
    </module_version>
</module>
