<?xml version="1.0" encoding="UTF-8"?>
<module codename="org.netbeans.modules.httpserver/2">
    <module_version install_time="1323093462728" last="true" origin="installer" specification_version="2.21.1.42">
        <file crc="2081286140" name="config/Modules/org-netbeans-modules-httpserver.xml"/>
        <file crc="2313888442" name="modules/ext/webserver.jar"/>
        <file crc="783797330" name="modules/locale/org-netbeans-modules-httpserver_ja.jar"/>
        <file crc="1935031934" name="modules/locale/org-netbeans-modules-httpserver_pt_BR.jar"/>
        <file crc="3732876730" name="modules/locale/org-netbeans-modules-httpserver_ru.jar"/>
        <file crc="3741494031" name="modules/locale/org-netbeans-modules-httpserver_zh_CN.jar"/>
        <file crc="480521683" name="modules/org-netbeans-modules-httpserver.jar"/>
    </module_version>
</module>
