<?xml version="1.0" encoding="UTF-8"?>
<module codename="org.netbeans.modules.web.client.tools.api">
    <module_version install_time="1323291439004" last="true" origin="installer" specification_version="1.12.1">
        <file crc="3283144197" name="config/Modules/org-netbeans-modules-web-client-tools-api.xml"/>
        <file crc="514523674" name="modules/locale/org-netbeans-modules-web-client-tools-api_ja.jar"/>
        <file crc="1412523486" name="modules/locale/org-netbeans-modules-web-client-tools-api_pt_BR.jar"/>
        <file crc="1021572099" name="modules/locale/org-netbeans-modules-web-client-tools-api_ru.jar"/>
        <file crc="1849744110" name="modules/locale/org-netbeans-modules-web-client-tools-api_zh_CN.jar"/>
        <file crc="1987386697" name="modules/org-netbeans-modules-web-client-tools-api.jar"/>
    </module_version>
</module>
