<?xml version="1.0" encoding="UTF-8"?>
<module codename="org.netbeans.modules.hudson.tasklist">
    <module_version install_time="1323093561473" last="true" origin="installer" specification_version="1.1.1">
        <file crc="3995101366" name="config/Modules/org-netbeans-modules-hudson-tasklist.xml"/>
        <file crc="4093263038" name="modules/locale/org-netbeans-modules-hudson-tasklist_ja.jar"/>
        <file crc="3407007915" name="modules/locale/org-netbeans-modules-hudson-tasklist_pt_BR.jar"/>
        <file crc="193255618" name="modules/locale/org-netbeans-modules-hudson-tasklist_ru.jar"/>
        <file crc="4167294175" name="modules/locale/org-netbeans-modules-hudson-tasklist_zh_CN.jar"/>
        <file crc="516700844" name="modules/org-netbeans-modules-hudson-tasklist.jar"/>
    </module_version>
</module>
