<?xml version="1.0" encoding="UTF-8"?>
<module codename="org.netbeans.modules.extexecution/2">
    <module_version install_time="1323093666891" last="true" origin="installer" specification_version="1.27.1">
        <file crc="3522709403" name="config/Modules/org-netbeans-modules-extexecution.xml"/>
        <file crc="854541817" name="modules/locale/org-netbeans-modules-extexecution_ja.jar"/>
        <file crc="1944056868" name="modules/locale/org-netbeans-modules-extexecution_pt_BR.jar"/>
        <file crc="1537129549" name="modules/locale/org-netbeans-modules-extexecution_ru.jar"/>
        <file crc="4105889356" name="modules/locale/org-netbeans-modules-extexecution_zh_CN.jar"/>
        <file crc="557996892" name="modules/org-netbeans-modules-extexecution.jar"/>
    </module_version>
</module>
