<?xml version="1.0" encoding="UTF-8"?>
<module codename="org.netbeans.modules.editor.bracesmatching/0">
    <module_version install_time="1323291547452" last="true" origin="installer" specification_version="1.20.1">
        <file crc="3381231321" name="config/Modules/org-netbeans-modules-editor-bracesmatching.xml"/>
        <file crc="1922363404" name="modules/locale/org-netbeans-modules-editor-bracesmatching_ja.jar"/>
        <file crc="3816835287" name="modules/locale/org-netbeans-modules-editor-bracesmatching_pt_BR.jar"/>
        <file crc="2784227007" name="modules/locale/org-netbeans-modules-editor-bracesmatching_ru.jar"/>
        <file crc="3517515701" name="modules/locale/org-netbeans-modules-editor-bracesmatching_zh_CN.jar"/>
        <file crc="1548766698" name="modules/org-netbeans-modules-editor-bracesmatching.jar"/>
    </module_version>
</module>
