<?xml version="1.0" encoding="UTF-8"?>
<module codename="org.netbeans.modules.utilities/1">
    <module_version install_time="1323291441882" last="true" origin="installer" specification_version="1.42.1">
        <file crc="754223576" name="config/Modules/org-netbeans-modules-utilities.xml"/>
        <file crc="1090912819" name="modules/locale/org-netbeans-modules-utilities_ja.jar"/>
        <file crc="2165851999" name="modules/locale/org-netbeans-modules-utilities_pt_BR.jar"/>
        <file crc="1293109177" name="modules/locale/org-netbeans-modules-utilities_ru.jar"/>
        <file crc="1790357798" name="modules/locale/org-netbeans-modules-utilities_zh_CN.jar"/>
        <file crc="2373665623" name="modules/org-netbeans-modules-utilities.jar"/>
    </module_version>
</module>
