<?xml version="1.0" encoding="UTF-8"?>
<module codename="org.netbeans.modules.xml.core/2">
    <module_version install_time="1323291535208" last="true" origin="installer" specification_version="1.28.1.4">
        <file crc="3628143465" name="config/Modules/org-netbeans-modules-xml-core.xml"/>
        <file crc="2004845666" name="modules/locale/org-netbeans-modules-xml-core_ja.jar"/>
        <file crc="955520867" name="modules/locale/org-netbeans-modules-xml-core_pt_BR.jar"/>
        <file crc="776213317" name="modules/locale/org-netbeans-modules-xml-core_ru.jar"/>
        <file crc="1483600257" name="modules/locale/org-netbeans-modules-xml-core_zh_CN.jar"/>
        <file crc="4003547707" name="modules/org-netbeans-modules-xml-core.jar"/>
    </module_version>
</module>
