<?xml version="1.0" encoding="UTF-8"?>
<module codename="org.netbeans.api.java.classpath/1">
    <module_version install_time="1323291425704" last="true" origin="installer" specification_version="1.31.1">
        <file crc="4102554259" name="config/Modules/org-netbeans-api-java-classpath.xml"/>
        <file crc="756782842" name="modules/locale/org-netbeans-api-java-classpath_ja.jar"/>
        <file crc="2539398699" name="modules/locale/org-netbeans-api-java-classpath_pt_BR.jar"/>
        <file crc="2420910793" name="modules/locale/org-netbeans-api-java-classpath_ru.jar"/>
        <file crc="2398258213" name="modules/locale/org-netbeans-api-java-classpath_zh_CN.jar"/>
        <file crc="946939311" name="modules/org-netbeans-api-java-classpath.jar"/>
    </module_version>
</module>
