<?xml version="1.0" encoding="UTF-8"?>
<module codename="org.netbeans.modules.xml.tax/2">
    <module_version install_time="1323093601749" last="true" origin="installer" specification_version="1.28.1.280">
        <file crc="3137623504" name="config/Modules/org-netbeans-modules-xml-tax.xml"/>
        <file crc="2953223857" name="modules/ext/locale/org-netbeans-tax_ja.jar"/>
        <file crc="3549553525" name="modules/ext/locale/org-netbeans-tax_pt_BR.jar"/>
        <file crc="3656184794" name="modules/ext/locale/org-netbeans-tax_ru.jar"/>
        <file crc="3524511917" name="modules/ext/locale/org-netbeans-tax_zh_CN.jar"/>
        <file crc="498378217" name="modules/ext/org-netbeans-tax.jar"/>
        <file crc="3631182558" name="modules/locale/org-netbeans-modules-xml-tax_ja.jar"/>
        <file crc="3894308161" name="modules/locale/org-netbeans-modules-xml-tax_pt_BR.jar"/>
        <file crc="2184227130" name="modules/locale/org-netbeans-modules-xml-tax_ru.jar"/>
        <file crc="4214880886" name="modules/locale/org-netbeans-modules-xml-tax_zh_CN.jar"/>
        <file crc="1996413680" name="modules/org-netbeans-modules-xml-tax.jar"/>
    </module_version>
</module>
