<?xml version="1.0" encoding="UTF-8"?>
<module codename="org.netbeans.modules.git">
    <module_version install_time="1323093549723" last="true" origin="installer" specification_version="1.1.1.1">
        <file crc="3921126311" name="config/Modules/org-netbeans-modules-git.xml"/>
        <file crc="333570778" name="modules/docs/org-netbeans-modules-git.jar"/>
        <file crc="324550721" name="modules/locale/org-netbeans-modules-git_ja.jar"/>
        <file crc="3131890986" name="modules/locale/org-netbeans-modules-git_pt_BR.jar"/>
        <file crc="2039575302" name="modules/locale/org-netbeans-modules-git_ru.jar"/>
        <file crc="3449622593" name="modules/locale/org-netbeans-modules-git_zh_CN.jar"/>
        <file crc="4241850631" name="modules/org-netbeans-modules-git.jar"/>
    </module_version>
</module>
