<?xml version="1.0" encoding="UTF-8"?>
<module codename="org.netbeans.modules.editor.plain/2">
    <module_version install_time="1323093533544" last="true" origin="installer" specification_version="1.20.1">
        <file crc="977811071" name="config/Modules/org-netbeans-modules-editor-plain.xml"/>
        <file crc="2914964642" name="modules/locale/org-netbeans-modules-editor-plain_ja.jar"/>
        <file crc="1490532060" name="modules/locale/org-netbeans-modules-editor-plain_pt_BR.jar"/>
        <file crc="2499950176" name="modules/locale/org-netbeans-modules-editor-plain_ru.jar"/>
        <file crc="2753110943" name="modules/locale/org-netbeans-modules-editor-plain_zh_CN.jar"/>
        <file crc="4028440743" name="modules/org-netbeans-modules-editor-plain.jar"/>
    </module_version>
</module>
