<?xml version="1.0" encoding="UTF-8"?>
<module codename="org.netbeans.libs.swingx/1">
    <module_version install_time="1323291549220" last="true" origin="installer" specification_version="1.12.1">
        <file crc="1452133379" name="config/Modules/org-netbeans-libs-swingx.xml"/>
        <file crc="3123084890" name="modules/ext/swingx-0.9.5.jar"/>
        <file crc="3009899604" name="modules/locale/org-netbeans-libs-swingx_ja.jar"/>
        <file crc="3400565335" name="modules/locale/org-netbeans-libs-swingx_pt_BR.jar"/>
        <file crc="2645070067" name="modules/locale/org-netbeans-libs-swingx_ru.jar"/>
        <file crc="2582870026" name="modules/locale/org-netbeans-libs-swingx_zh_CN.jar"/>
        <file crc="2688170988" name="modules/org-netbeans-libs-swingx.jar"/>
    </module_version>
</module>
