<?xml version="1.0" encoding="UTF-8"?>
<module codename="org.netbeans.modules.html.parser/1">
    <module_version install_time="1323093583910" last="true" origin="installer" specification_version="1.7.1.1">
        <file crc="3195027192" name="config/Modules/org-netbeans-modules-html-parser.xml"/>
        <file crc="1599008732" name="modules/ext/html5-parser.jar"/>
        <file crc="494294177" name="modules/ext/icu4j-4_0.jar"/>
        <file crc="3693570385" name="modules/locale/org-netbeans-modules-html-parser_ja.jar"/>
        <file crc="372308465" name="modules/locale/org-netbeans-modules-html-parser_pt_BR.jar"/>
        <file crc="3484070398" name="modules/locale/org-netbeans-modules-html-parser_ru.jar"/>
        <file crc="3066468815" name="modules/locale/org-netbeans-modules-html-parser_zh_CN.jar"/>
        <file crc="2146046093" name="modules/org-netbeans-modules-html-parser.jar"/>
    </module_version>
</module>
