<?xml version="1.0" encoding="UTF-8"?>
<module codename="org.netbeans.core.browser/1">
    <module_version install_time="1323291557804" last="true" origin="installer" specification_version="1.12.1.1">
        <file crc="2536127157" name="config/Modules/org-netbeans-core-browser.xml"/>
        <file crc="813472106" name="modules/locale/org-netbeans-core-browser_ja.jar"/>
        <file crc="930255006" name="modules/locale/org-netbeans-core-browser_pt_BR.jar"/>
        <file crc="127456764" name="modules/locale/org-netbeans-core-browser_ru.jar"/>
        <file crc="931290169" name="modules/locale/org-netbeans-core-browser_zh_CN.jar"/>
        <file crc="3302357712" name="modules/org-netbeans-core-browser.jar"/>
    </module_version>
</module>
