<?xml version="1.0" encoding="UTF-8"?>
<module codename="org.netbeans.lib.terminalemulator">
    <module_version install_time="1323093678888" last="true" origin="installer" specification_version="1.18.1">
        <file crc="3582975702" name="config/Modules/org-netbeans-lib-terminalemulator.xml"/>
        <file crc="1969488227" name="modules/locale/org-netbeans-lib-terminalemulator_ja.jar"/>
        <file crc="3813797997" name="modules/locale/org-netbeans-lib-terminalemulator_pt_BR.jar"/>
        <file crc="84974410" name="modules/locale/org-netbeans-lib-terminalemulator_ru.jar"/>
        <file crc="1446703197" name="modules/locale/org-netbeans-lib-terminalemulator_zh_CN.jar"/>
        <file crc="1957184893" name="modules/org-netbeans-lib-terminalemulator.jar"/>
    </module_version>
</module>
