<?xml version="1.0" encoding="UTF-8"?>
<module codename="org.netbeans.modules.web.common">
    <module_version install_time="1323291515816" last="true" origin="installer" specification_version="1.15.1">
        <file crc="842111795" name="config/Modules/org-netbeans-modules-web-common.xml"/>
        <file crc="1617431277" name="modules/locale/org-netbeans-modules-web-common_ja.jar"/>
        <file crc="162823400" name="modules/locale/org-netbeans-modules-web-common_pt_BR.jar"/>
        <file crc="275834536" name="modules/locale/org-netbeans-modules-web-common_ru.jar"/>
        <file crc="2750817148" name="modules/locale/org-netbeans-modules-web-common_zh_CN.jar"/>
        <file crc="4173311085" name="modules/org-netbeans-modules-web-common.jar"/>
    </module_version>
</module>
