<?xml version="1.0" encoding="UTF-8"?>
<module codename="org.netbeans.modules.html.editor.lib/2">
    <module_version install_time="1323093631067" last="true" origin="installer" specification_version="2.0.1">
        <file crc="1608566786" name="config/Modules/org-netbeans-modules-html-editor-lib.xml"/>
        <file crc="4224705081" name="modules/locale/org-netbeans-modules-html-editor-lib_ja.jar"/>
        <file crc="491389139" name="modules/locale/org-netbeans-modules-html-editor-lib_pt_BR.jar"/>
        <file crc="3621261192" name="modules/locale/org-netbeans-modules-html-editor-lib_ru.jar"/>
        <file crc="2122299554" name="modules/locale/org-netbeans-modules-html-editor-lib_zh_CN.jar"/>
        <file crc="1020622193" name="modules/org-netbeans-modules-html-editor-lib.jar"/>
    </module_version>
</module>
