<?xml version="1.0" encoding="UTF-8"?>
<module codename="org.netbeans.modules.parsing.api/1">
    <module_version install_time="1323291493671" last="true" origin="installer" specification_version="1.48.1.6">
        <file crc="3233347998" name="config/Modules/org-netbeans-modules-parsing-api.xml"/>
        <file crc="1933640055" name="modules/locale/org-netbeans-modules-parsing-api_ja.jar"/>
        <file crc="2789648911" name="modules/locale/org-netbeans-modules-parsing-api_pt_BR.jar"/>
        <file crc="3311174085" name="modules/locale/org-netbeans-modules-parsing-api_ru.jar"/>
        <file crc="166505794" name="modules/locale/org-netbeans-modules-parsing-api_zh_CN.jar"/>
        <file crc="1025926410" name="modules/org-netbeans-modules-parsing-api.jar"/>
    </module_version>
</module>
