<?xml version="1.0" encoding="UTF-8"?>
<module codename="org.netbeans.modules.csl.api/2">
    <module_version install_time="1323291619213" last="true" origin="installer" specification_version="2.23.1.2.1.1.6">
        <file crc="2308193102" name="config/Modules/org-netbeans-modules-csl-api.xml"/>
        <file crc="1334284415" name="modules/locale/org-netbeans-modules-csl-api_ja.jar"/>
        <file crc="1123722479" name="modules/locale/org-netbeans-modules-csl-api_pt_BR.jar"/>
        <file crc="3158683679" name="modules/locale/org-netbeans-modules-csl-api_ru.jar"/>
        <file crc="2354168010" name="modules/locale/org-netbeans-modules-csl-api_zh_CN.jar"/>
        <file crc="2997714605" name="modules/org-netbeans-modules-csl-api.jar"/>
    </module_version>
</module>
