<?xml version="1.0" encoding="UTF-8"?>
<module codename="org.netbeans.modules.gsf.codecoverage">
    <module_version install_time="1323093662668" last="true" origin="installer" specification_version="1.16.1">
        <file crc="1568665605" name="config/Modules/org-netbeans-modules-gsf-codecoverage.xml"/>
        <file crc="1885081693" name="modules/locale/org-netbeans-modules-gsf-codecoverage_ja.jar"/>
        <file crc="1114523145" name="modules/locale/org-netbeans-modules-gsf-codecoverage_pt_BR.jar"/>
        <file crc="2805573237" name="modules/locale/org-netbeans-modules-gsf-codecoverage_ru.jar"/>
        <file crc="3036599011" name="modules/locale/org-netbeans-modules-gsf-codecoverage_zh_CN.jar"/>
        <file crc="2001127236" name="modules/org-netbeans-modules-gsf-codecoverage.jar"/>
    </module_version>
</module>
