<?xml version="1.0" encoding="UTF-8"?>
<module codename="org.netbeans.modules.editor.util/1">
    <module_version install_time="1323093655416" last="true" origin="installer" specification_version="1.45.1">
        <file crc="1365010955" name="config/Modules/org-netbeans-modules-editor-util.xml"/>
        <file crc="4082061796" name="modules/locale/org-netbeans-modules-editor-util_ja.jar"/>
        <file crc="829677223" name="modules/locale/org-netbeans-modules-editor-util_pt_BR.jar"/>
        <file crc="656005134" name="modules/locale/org-netbeans-modules-editor-util_ru.jar"/>
        <file crc="2895151602" name="modules/locale/org-netbeans-modules-editor-util_zh_CN.jar"/>
        <file crc="1570961774" name="modules/org-netbeans-modules-editor-util.jar"/>
    </module_version>
</module>
