<?xml version="1.0" encoding="UTF-8"?>
<module codename="org.netbeans.modules.editor.plain.lib/1">
    <module_version install_time="1323093542277" last="true" origin="installer" specification_version="1.19.1">
        <file crc="387640368" name="config/Modules/org-netbeans-modules-editor-plain-lib.xml"/>
        <file crc="37889406" name="modules/locale/org-netbeans-modules-editor-plain-lib_ja.jar"/>
        <file crc="3446668374" name="modules/locale/org-netbeans-modules-editor-plain-lib_pt_BR.jar"/>
        <file crc="2385211152" name="modules/locale/org-netbeans-modules-editor-plain-lib_ru.jar"/>
        <file crc="2672025183" name="modules/locale/org-netbeans-modules-editor-plain-lib_zh_CN.jar"/>
        <file crc="2426269247" name="modules/org-netbeans-modules-editor-plain-lib.jar"/>
    </module_version>
</module>
