<?xml version="1.0" encoding="UTF-8"?>
<module codename="org.netbeans.modules.db/1">
    <module_version install_time="1323093715554" last="true" origin="installer" specification_version="1.46.1.30">
        <file crc="1197382036" name="config/Modules/org-netbeans-modules-db.xml"/>
        <file crc="4233625272" name="modules/ext/ddl.jar"/>
        <file crc="2327399837" name="modules/ext/locale/ddl_ja.jar"/>
        <file crc="3632114117" name="modules/ext/locale/ddl_pt_BR.jar"/>
        <file crc="1349936101" name="modules/ext/locale/ddl_ru.jar"/>
        <file crc="4233712196" name="modules/ext/locale/ddl_zh_CN.jar"/>
        <file crc="4269029988" name="modules/locale/org-netbeans-modules-db_ja.jar"/>
        <file crc="1756797002" name="modules/locale/org-netbeans-modules-db_pt_BR.jar"/>
        <file crc="466693787" name="modules/locale/org-netbeans-modules-db_ru.jar"/>
        <file crc="2713953025" name="modules/locale/org-netbeans-modules-db_zh_CN.jar"/>
        <file crc="224706500" name="modules/org-netbeans-modules-db.jar"/>
    </module_version>
</module>
