<?xml version="1.0" encoding="UTF-8"?>
<module codename="org.netbeans.modules.db.dataview">
    <module_version install_time="1323093676063" last="true" origin="installer" specification_version="1.13.1">
        <file crc="3221262164" name="config/Modules/org-netbeans-modules-db-dataview.xml"/>
        <file crc="4194529090" name="modules/locale/org-netbeans-modules-db-dataview_ja.jar"/>
        <file crc="234688707" name="modules/locale/org-netbeans-modules-db-dataview_pt_BR.jar"/>
        <file crc="1586444285" name="modules/locale/org-netbeans-modules-db-dataview_ru.jar"/>
        <file crc="2860417608" name="modules/locale/org-netbeans-modules-db-dataview_zh_CN.jar"/>
        <file crc="3201557366" name="modules/org-netbeans-modules-db-dataview.jar"/>
    </module_version>
</module>
