<?xml version="1.0" encoding="UTF-8"?>
<module codename="org.netbeans.modules.xml.core/2">
    <module_version install_time="1323093628234" last="true" origin="installer" specification_version="1.28.1.4">
        <file crc="3628143465" name="config/Modules/org-netbeans-modules-xml-core.xml"/>
        <file crc="901223813" name="modules/locale/org-netbeans-modules-xml-core_ja.jar"/>
        <file crc="1860415191" name="modules/locale/org-netbeans-modules-xml-core_pt_BR.jar"/>
        <file crc="2859095078" name="modules/locale/org-netbeans-modules-xml-core_ru.jar"/>
        <file crc="222931716" name="modules/locale/org-netbeans-modules-xml-core_zh_CN.jar"/>
        <file crc="2047062664" name="modules/org-netbeans-modules-xml-core.jar"/>
    </module_version>
</module>
