<?xml version="1.0" encoding="UTF-8"?>
<module codename="org.netbeans.modules.extbrowser/1">
    <module_version install_time="1323291444794" last="true" origin="installer" specification_version="1.26.1">
        <file crc="1411316007" name="config/Modules/org-netbeans-modules-extbrowser.xml"/>
        <file crc="623840467" name="modules/locale/org-netbeans-modules-extbrowser_ja.jar"/>
        <file crc="176318627" name="modules/locale/org-netbeans-modules-extbrowser_pt_BR.jar"/>
        <file crc="1252003965" name="modules/locale/org-netbeans-modules-extbrowser_ru.jar"/>
        <file crc="889671855" name="modules/locale/org-netbeans-modules-extbrowser_zh_CN.jar"/>
        <file crc="4244215873" name="modules/org-netbeans-modules-extbrowser.jar"/>
    </module_version>
</module>
