<?xml version="1.0" encoding="UTF-8"?>
<module codename="org.netbeans.modules.image/1">
    <module_version install_time="1323093629672" last="true" origin="installer" specification_version="1.33.1">
        <file crc="3486416273" name="config/Modules/org-netbeans-modules-image.xml"/>
        <file crc="1282617942" name="modules/locale/org-netbeans-modules-image_ja.jar"/>
        <file crc="1056393699" name="modules/locale/org-netbeans-modules-image_pt_BR.jar"/>
        <file crc="3445442377" name="modules/locale/org-netbeans-modules-image_ru.jar"/>
        <file crc="2730765842" name="modules/locale/org-netbeans-modules-image_zh_CN.jar"/>
        <file crc="464104851" name="modules/org-netbeans-modules-image.jar"/>
    </module_version>
</module>
