<?xml version="1.0" encoding="UTF-8"?>
<module codename="org.netbeans.modules.gototest/1">
    <module_version install_time="1323093706773" last="true" origin="installer" specification_version="1.16.1">
        <file crc="1907751588" name="config/Modules/org-netbeans-modules-gototest.xml"/>
        <file crc="2982460247" name="modules/locale/org-netbeans-modules-gototest_ja.jar"/>
        <file crc="1851090629" name="modules/locale/org-netbeans-modules-gototest_pt_BR.jar"/>
        <file crc="1620345130" name="modules/locale/org-netbeans-modules-gototest_ru.jar"/>
        <file crc="1690477465" name="modules/locale/org-netbeans-modules-gototest_zh_CN.jar"/>
        <file crc="1033562717" name="modules/org-netbeans-modules-gototest.jar"/>
    </module_version>
</module>
