<?xml version="1.0" encoding="UTF-8"?>
<module codename="org.netbeans.modules.db.metadata.model/0">
    <module_version install_time="1323093672529" last="true" origin="installer" specification_version="0.15.1">
        <file crc="3021893472" name="config/Modules/org-netbeans-modules-db-metadata-model.xml"/>
        <file crc="4035367190" name="modules/locale/org-netbeans-modules-db-metadata-model_ja.jar"/>
        <file crc="92085130" name="modules/locale/org-netbeans-modules-db-metadata-model_pt_BR.jar"/>
        <file crc="636034961" name="modules/locale/org-netbeans-modules-db-metadata-model_ru.jar"/>
        <file crc="3800158521" name="modules/locale/org-netbeans-modules-db-metadata-model_zh_CN.jar"/>
        <file crc="1011111220" name="modules/org-netbeans-modules-db-metadata-model.jar"/>
    </module_version>
</module>
