<?xml version="1.0" encoding="UTF-8"?>
<module codename="org.netbeans.modules.languages.manifest">
    <module_version install_time="1323291472624" last="true" origin="installer" specification_version="1.17.1">
        <file crc="82613707" name="config/Modules/org-netbeans-modules-languages-manifest.xml"/>
        <file crc="2306294491" name="modules/locale/org-netbeans-modules-languages-manifest_ja.jar"/>
        <file crc="670741076" name="modules/locale/org-netbeans-modules-languages-manifest_pt_BR.jar"/>
        <file crc="3106418045" name="modules/locale/org-netbeans-modules-languages-manifest_ru.jar"/>
        <file crc="3614457717" name="modules/locale/org-netbeans-modules-languages-manifest_zh_CN.jar"/>
        <file crc="247498786" name="modules/org-netbeans-modules-languages-manifest.jar"/>
    </module_version>
</module>
