<?xml version="1.0" encoding="UTF-8"?>
<module codename="org.netbeans.modules.gototest/1">
    <module_version install_time="1323291613273" last="true" origin="installer" specification_version="1.16.1">
        <file crc="1907751588" name="config/Modules/org-netbeans-modules-gototest.xml"/>
        <file crc="707347440" name="modules/locale/org-netbeans-modules-gototest_ja.jar"/>
        <file crc="805503127" name="modules/locale/org-netbeans-modules-gototest_pt_BR.jar"/>
        <file crc="1248458336" name="modules/locale/org-netbeans-modules-gototest_ru.jar"/>
        <file crc="1593691408" name="modules/locale/org-netbeans-modules-gototest_zh_CN.jar"/>
        <file crc="3842777348" name="modules/org-netbeans-modules-gototest.jar"/>
    </module_version>
</module>
