<?xml version="1.0" encoding="UTF-8"?>
<module codename="org.netbeans.modules.xml.schema.completion">
    <module_version install_time="1323291492234" last="true" origin="installer" specification_version="1.15.1">
        <file crc="3412686390" name="config/Modules/org-netbeans-modules-xml-schema-completion.xml"/>
        <file crc="3239847774" name="modules/locale/org-netbeans-modules-xml-schema-completion_ja.jar"/>
        <file crc="3132112740" name="modules/locale/org-netbeans-modules-xml-schema-completion_pt_BR.jar"/>
        <file crc="2151533040" name="modules/locale/org-netbeans-modules-xml-schema-completion_ru.jar"/>
        <file crc="1141763586" name="modules/locale/org-netbeans-modules-xml-schema-completion_zh_CN.jar"/>
        <file crc="789719596" name="modules/org-netbeans-modules-xml-schema-completion.jar"/>
    </module_version>
</module>
