<?xml version="1.0" encoding="UTF-8"?>
<module codename="org.netbeans.api.xml/1">
    <module_version install_time="1323093559985" last="true" origin="installer" specification_version="1.28.1">
        <file crc="377157071" name="config/Modules/org-netbeans-api-xml.xml"/>
        <file crc="757140325" name="modules/locale/org-netbeans-api-xml_ja.jar"/>
        <file crc="51940360" name="modules/locale/org-netbeans-api-xml_pt_BR.jar"/>
        <file crc="602570492" name="modules/locale/org-netbeans-api-xml_ru.jar"/>
        <file crc="2627954287" name="modules/locale/org-netbeans-api-xml_zh_CN.jar"/>
        <file crc="200495539" name="modules/org-netbeans-api-xml.jar"/>
    </module_version>
</module>
