<?xml version="1.0" encoding="UTF-8"?>
<module codename="org.netbeans.modules.usersguide/1">
    <module_version install_time="1323093571774" last="true" origin="installer" specification_version="1.34.1">
        <file crc="75511347" name="config/Modules/org-netbeans-modules-usersguide.xml"/>
        <file crc="1206641299" name="modules/docs/org-netbeans-modules-usersguide.jar"/>
        <file crc="1564768015" name="modules/locale/org-netbeans-modules-usersguide_ja.jar"/>
        <file crc="2617975076" name="modules/locale/org-netbeans-modules-usersguide_pt_BR.jar"/>
        <file crc="2003768163" name="modules/locale/org-netbeans-modules-usersguide_ru.jar"/>
        <file crc="3840149250" name="modules/locale/org-netbeans-modules-usersguide_zh_CN.jar"/>
        <file crc="585443000" name="modules/org-netbeans-modules-usersguide.jar"/>
    </module_version>
</module>
