<?xml version="1.0" encoding="UTF-8"?>
<module codename="org.netbeans.modules.options.editor/1">
    <module_version install_time="1323093677489" last="true" origin="installer" specification_version="1.27.1">
        <file crc="3699321809" name="config/Modules/org-netbeans-modules-options-editor.xml"/>
        <file crc="1900791565" name="modules/locale/org-netbeans-modules-options-editor_ja.jar"/>
        <file crc="1313959613" name="modules/locale/org-netbeans-modules-options-editor_pt_BR.jar"/>
        <file crc="2464215169" name="modules/locale/org-netbeans-modules-options-editor_ru.jar"/>
        <file crc="2433980443" name="modules/locale/org-netbeans-modules-options-editor_zh_CN.jar"/>
        <file crc="3239302763" name="modules/org-netbeans-modules-options-editor.jar"/>
    </module_version>
</module>
