<?xml version="1.0" encoding="UTF-8"?>
<module codename="org.netbeans.modules.dlight.nativeexecution">
    <module_version install_time="1323291481380" last="true" origin="installer" specification_version="1.13.3.1">
        <file crc="249150406" name="config/Modules/org-netbeans-modules-dlight-nativeexecution.xml"/>
        <file crc="2933078691" name="modules/locale/org-netbeans-modules-dlight-nativeexecution_ja.jar"/>
        <file crc="3387725144" name="modules/locale/org-netbeans-modules-dlight-nativeexecution_pt_BR.jar"/>
        <file crc="3308431090" name="modules/locale/org-netbeans-modules-dlight-nativeexecution_ru.jar"/>
        <file crc="4060221090" name="modules/locale/org-netbeans-modules-dlight-nativeexecution_zh_CN.jar"/>
        <file crc="4237126391" name="modules/org-netbeans-modules-dlight-nativeexecution.jar"/>
    </module_version>
</module>
