<?xml version="1.0" encoding="UTF-8"?>
<module codename="org.netbeans.modules.glassfish.common/0">
    <module_version install_time="1323093620929" last="true" origin="installer" specification_version="1.19.1">
        <file crc="2716634972" name="config/Modules/org-netbeans-modules-glassfish-common.xml"/>
        <file crc="1298755102" name="modules/locale/org-netbeans-modules-glassfish-common_ja.jar"/>
        <file crc="2799356904" name="modules/locale/org-netbeans-modules-glassfish-common_pt_BR.jar"/>
        <file crc="1491875528" name="modules/locale/org-netbeans-modules-glassfish-common_ru.jar"/>
        <file crc="3757229351" name="modules/locale/org-netbeans-modules-glassfish-common_zh_CN.jar"/>
        <file crc="3575179782" name="modules/org-netbeans-modules-glassfish-common.jar"/>
    </module_version>
</module>
