<?xml version="1.0" encoding="UTF-8"?>
<module codename="org.mozilla.rhino.patched/1">
    <module_version install_time="1323093594228" last="true" origin="installer" specification_version="1.115.1">
        <file crc="977737551" name="config/Modules/org-mozilla-rhino-patched.xml"/>
        <file crc="1708181264" name="modules/locale/org-mozilla-rhino-patched_ja.jar"/>
        <file crc="694501018" name="modules/locale/org-mozilla-rhino-patched_pt_BR.jar"/>
        <file crc="691700945" name="modules/locale/org-mozilla-rhino-patched_ru.jar"/>
        <file crc="3265634578" name="modules/locale/org-mozilla-rhino-patched_zh_CN.jar"/>
        <file crc="187674615" name="modules/org-mozilla-rhino-patched.jar"/>
    </module_version>
</module>
