<?xml version="1.0" encoding="UTF-8"?>
<module codename="org.netbeans.modules.db.dataview">
    <module_version install_time="1323291582941" last="true" origin="installer" specification_version="1.13.1">
        <file crc="3221262164" name="config/Modules/org-netbeans-modules-db-dataview.xml"/>
        <file crc="3520412488" name="modules/locale/org-netbeans-modules-db-dataview_ja.jar"/>
        <file crc="3534317394" name="modules/locale/org-netbeans-modules-db-dataview_pt_BR.jar"/>
        <file crc="382178964" name="modules/locale/org-netbeans-modules-db-dataview_ru.jar"/>
        <file crc="3164976821" name="modules/locale/org-netbeans-modules-db-dataview_zh_CN.jar"/>
        <file crc="1206950531" name="modules/org-netbeans-modules-db-dataview.jar"/>
    </module_version>
</module>
