<?xml version="1.0" encoding="UTF-8" standalone="no"?>
<module codename="org.netbeans.modules.html.editor/1">
    <module_version install_time="1311884068287" last="false" origin="installer" specification_version="1.28.1">
        <file crc="2913530181" name="config/Modules/org-netbeans-modules-html-editor.xml"/>
        <file crc="3385998137" name="docs/html-4.01.zip"/>
        <file crc="627937845" name="modules/org-netbeans-modules-html-editor.jar"/>
    </module_version>
    <module_version install_time="1326312459984" last="true" origin="updater" specification_version="1.28.2">
        <file crc="633419119" name="modules/locale/org-netbeans-modules-html-editor_ja.jar"/>
        <file crc="3010116725" name="modules/locale/org-netbeans-modules-html-editor_pt_BR.jar"/>
        <file crc="2825361877" name="modules/locale/org-netbeans-modules-html-editor_ru.jar"/>
        <file crc="2242520521" name="modules/locale/org-netbeans-modules-html-editor_zh_CN.jar"/>
        <file crc="2913530181" name="config/Modules/org-netbeans-modules-html-editor.xml"/>
        <file crc="3385998137" name="docs/html-4.01.zip"/>
        <file crc="1713051581" name="modules/org-netbeans-modules-html-editor.jar"/>
    </module_version>
</module>
