<?xml version="1.0" encoding="UTF-8"?>
<module codename="org.netbeans.modules.print.editor">
    <module_version install_time="1323093477140" last="true" origin="installer" specification_version="7.12.1">
        <file crc="3826813082" name="config/Modules/org-netbeans-modules-print-editor.xml"/>
        <file crc="4226941900" name="modules/locale/org-netbeans-modules-print-editor_ja.jar"/>
        <file crc="1974172286" name="modules/locale/org-netbeans-modules-print-editor_pt_BR.jar"/>
        <file crc="3645749166" name="modules/locale/org-netbeans-modules-print-editor_ru.jar"/>
        <file crc="859816486" name="modules/locale/org-netbeans-modules-print-editor_zh_CN.jar"/>
        <file crc="2990114715" name="modules/org-netbeans-modules-print-editor.jar"/>
    </module_version>
</module>
