<?xml version="1.0" encoding="UTF-8"?>
<module codename="org.mozilla.rhino.patched/1">
    <module_version install_time="1323291501122" last="true" origin="installer" specification_version="1.115.1">
        <file crc="977737551" name="config/Modules/org-mozilla-rhino-patched.xml"/>
        <file crc="1331660669" name="modules/locale/org-mozilla-rhino-patched_ja.jar"/>
        <file crc="1759597937" name="modules/locale/org-mozilla-rhino-patched_pt_BR.jar"/>
        <file crc="3190666260" name="modules/locale/org-mozilla-rhino-patched_ru.jar"/>
        <file crc="871182054" name="modules/locale/org-mozilla-rhino-patched_zh_CN.jar"/>
        <file crc="3139901413" name="modules/org-mozilla-rhino-patched.jar"/>
    </module_version>
</module>
