<?xml version="1.0" encoding="UTF-8"?>
<module codename="org.netbeans.modules.subversion">
    <module_version install_time="1323291454965" last="true" origin="installer" specification_version="1.19.2.42.1">
        <file crc="1100323445" name="config/Modules/org-netbeans-modules-subversion.xml"/>
        <file crc="2237172356" name="modules/docs/org-netbeans-modules-subversion.jar"/>
        <file crc="1344546094" name="modules/locale/org-netbeans-modules-subversion_ja.jar"/>
        <file crc="1454029668" name="modules/locale/org-netbeans-modules-subversion_pt_BR.jar"/>
        <file crc="284604863" name="modules/locale/org-netbeans-modules-subversion_ru.jar"/>
        <file crc="1217102075" name="modules/locale/org-netbeans-modules-subversion_zh_CN.jar"/>
        <file crc="3941779261" name="modules/org-netbeans-modules-subversion.jar"/>
    </module_version>
</module>
