<?xml version="1.0" encoding="UTF-8"?>
<module codename="org.netbeans.modules.editor.settings/1">
    <module_version install_time="1323291407021" last="true" origin="installer" specification_version="1.38.1">
        <file crc="561761059" name="config/Modules/org-netbeans-modules-editor-settings.xml"/>
        <file crc="3197061627" name="modules/locale/org-netbeans-modules-editor-settings_ja.jar"/>
        <file crc="2437765872" name="modules/locale/org-netbeans-modules-editor-settings_pt_BR.jar"/>
        <file crc="3349275196" name="modules/locale/org-netbeans-modules-editor-settings_ru.jar"/>
        <file crc="3130894434" name="modules/locale/org-netbeans-modules-editor-settings_zh_CN.jar"/>
        <file crc="1570463917" name="modules/org-netbeans-modules-editor-settings.jar"/>
    </module_version>
</module>
