<?xml version="1.0" encoding="UTF-8"?>
<module codename="org.netbeans.libs.antlr3.runtime">
    <module_version install_time="1323093478592" last="true" origin="installer" specification_version="1.7.1.1">
        <file crc="455280824" name="config/Modules/org-netbeans-libs-antlr3-runtime.xml"/>
        <file crc="2115307337" name="modules/ext/antlr-runtime-3.3.jar"/>
        <file crc="3654196983" name="modules/locale/org-netbeans-libs-antlr3-runtime_ja.jar"/>
        <file crc="2086708366" name="modules/locale/org-netbeans-libs-antlr3-runtime_pt_BR.jar"/>
        <file crc="1721777710" name="modules/locale/org-netbeans-libs-antlr3-runtime_ru.jar"/>
        <file crc="4109570416" name="modules/locale/org-netbeans-libs-antlr3-runtime_zh_CN.jar"/>
        <file crc="1487586411" name="modules/org-netbeans-libs-antlr3-runtime.jar"/>
    </module_version>
</module>
