<?xml version="1.0" encoding="UTF-8"?>
<module codename="org.netbeans.modules.xml.lexer">
    <module_version install_time="1323093543772" last="true" origin="installer" specification_version="1.15.1">
        <file crc="2479377366" name="config/Modules/org-netbeans-modules-xml-lexer.xml"/>
        <file crc="2468321966" name="modules/locale/org-netbeans-modules-xml-lexer_ja.jar"/>
        <file crc="3134703224" name="modules/locale/org-netbeans-modules-xml-lexer_pt_BR.jar"/>
        <file crc="1253398717" name="modules/locale/org-netbeans-modules-xml-lexer_ru.jar"/>
        <file crc="347012990" name="modules/locale/org-netbeans-modules-xml-lexer_zh_CN.jar"/>
        <file crc="337105363" name="modules/org-netbeans-modules-xml-lexer.jar"/>
    </module_version>
</module>
