<?xml version="1.0" encoding="UTF-8"?>
<module codename="org.netbeans.modules.ide.kit">
    <module_version install_time="1323093685911" last="true" origin="installer" specification_version="1.17.1">
        <file crc="3415496542" name="config/Modules/org-netbeans-modules-ide-kit.xml"/>
        <file crc="3007965305" name="modules/locale/org-netbeans-modules-ide-kit_ja.jar"/>
        <file crc="1336954114" name="modules/locale/org-netbeans-modules-ide-kit_pt_BR.jar"/>
        <file crc="2532710774" name="modules/locale/org-netbeans-modules-ide-kit_ru.jar"/>
        <file crc="4158916538" name="modules/locale/org-netbeans-modules-ide-kit_zh_CN.jar"/>
        <file crc="557062651" name="modules/org-netbeans-modules-ide-kit.jar"/>
    </module_version>
</module>
