<?xml version="1.0" encoding="UTF-8"?>
<module codename="org.netbeans.modules.properties.syntax/1">
    <module_version install_time="1323291404191" last="true" origin="installer" specification_version="1.34.1">
        <file crc="3912872678" name="config/Modules/org-netbeans-modules-properties-syntax.xml"/>
        <file crc="973731075" name="modules/locale/org-netbeans-modules-properties-syntax_ja.jar"/>
        <file crc="2690140536" name="modules/locale/org-netbeans-modules-properties-syntax_pt_BR.jar"/>
        <file crc="40749599" name="modules/locale/org-netbeans-modules-properties-syntax_ru.jar"/>
        <file crc="3141011105" name="modules/locale/org-netbeans-modules-properties-syntax_zh_CN.jar"/>
        <file crc="3339752129" name="modules/org-netbeans-modules-properties-syntax.jar"/>
    </module_version>
</module>
