<?xml version="1.0" encoding="UTF-8"?>
<module codename="org.netbeans.spi.tasklist/1">
    <module_version install_time="1323291553460" last="true" origin="installer" specification_version="1.17.1.1">
        <file crc="1227800962" name="config/Modules/org-netbeans-spi-tasklist.xml"/>
        <file crc="3092383682" name="modules/locale/org-netbeans-spi-tasklist_ja.jar"/>
        <file crc="220190539" name="modules/locale/org-netbeans-spi-tasklist_pt_BR.jar"/>
        <file crc="2387300689" name="modules/locale/org-netbeans-spi-tasklist_ru.jar"/>
        <file crc="844212788" name="modules/locale/org-netbeans-spi-tasklist_zh_CN.jar"/>
        <file crc="3399506346" name="modules/org-netbeans-spi-tasklist.jar"/>
    </module_version>
</module>
