<?xml version="1.0" encoding="UTF-8"?>
<module codename="org.netbeans.modules.db.sql.visualeditor/1">
    <module_version install_time="1323291453424" last="true" origin="installer" specification_version="2.15.1.30">
        <file crc="2560499692" name="config/Modules/org-netbeans-modules-db-sql-visualeditor.xml"/>
        <file crc="4149341006" name="modules/locale/org-netbeans-modules-db-sql-visualeditor_ja.jar"/>
        <file crc="3900484908" name="modules/locale/org-netbeans-modules-db-sql-visualeditor_pt_BR.jar"/>
        <file crc="3743357518" name="modules/locale/org-netbeans-modules-db-sql-visualeditor_ru.jar"/>
        <file crc="3537293115" name="modules/locale/org-netbeans-modules-db-sql-visualeditor_zh_CN.jar"/>
        <file crc="198000825" name="modules/org-netbeans-modules-db-sql-visualeditor.jar"/>
    </module_version>
</module>
