<?xml version="1.0" encoding="UTF-8"?>
<module codename="org.netbeans.modules.javascript.refactoring/1">
    <module_version install_time="1323093713974" last="true" origin="installer" specification_version="0.76.1">
        <file crc="218545144" name="config/Modules/org-netbeans-modules-javascript-refactoring.xml"/>
        <file crc="3418191077" name="modules/locale/org-netbeans-modules-javascript-refactoring_ja.jar"/>
        <file crc="2808797779" name="modules/locale/org-netbeans-modules-javascript-refactoring_pt_BR.jar"/>
        <file crc="3318217817" name="modules/locale/org-netbeans-modules-javascript-refactoring_ru.jar"/>
        <file crc="927281738" name="modules/locale/org-netbeans-modules-javascript-refactoring_zh_CN.jar"/>
        <file crc="3590063604" name="modules/org-netbeans-modules-javascript-refactoring.jar"/>
    </module_version>
</module>
