<?xml version="1.0" encoding="UTF-8"?>
<module codename="org.netbeans.modules.editor.macros/0">
    <module_version install_time="1323291379188" last="true" origin="installer" specification_version="1.15.1.1.19">
        <file crc="3196086936" name="config/Modules/org-netbeans-modules-editor-macros.xml"/>
        <file crc="2643519540" name="modules/locale/org-netbeans-modules-editor-macros_ja.jar"/>
        <file crc="3459323910" name="modules/locale/org-netbeans-modules-editor-macros_pt_BR.jar"/>
        <file crc="2326365851" name="modules/locale/org-netbeans-modules-editor-macros_ru.jar"/>
        <file crc="3242058999" name="modules/locale/org-netbeans-modules-editor-macros_zh_CN.jar"/>
        <file crc="1390627697" name="modules/org-netbeans-modules-editor-macros.jar"/>
    </module_version>
</module>
