<?xml version="1.0" encoding="UTF-8"?>
<module codename="org.netbeans.api.xml/1">
    <module_version install_time="1323291466786" last="true" origin="installer" specification_version="1.28.1">
        <file crc="377157071" name="config/Modules/org-netbeans-api-xml.xml"/>
        <file crc="1583404634" name="modules/locale/org-netbeans-api-xml_ja.jar"/>
        <file crc="2725291366" name="modules/locale/org-netbeans-api-xml_pt_BR.jar"/>
        <file crc="3929903668" name="modules/locale/org-netbeans-api-xml_ru.jar"/>
        <file crc="3033862894" name="modules/locale/org-netbeans-api-xml_zh_CN.jar"/>
        <file crc="562491519" name="modules/org-netbeans-api-xml.jar"/>
    </module_version>
</module>
