<?xml version="1.0" encoding="UTF-8"?>
<module codename="org.netbeans.modules.editor.macros/0">
    <module_version install_time="1323093472797" last="true" origin="installer" specification_version="1.15.1.1.19">
        <file crc="3196086936" name="config/Modules/org-netbeans-modules-editor-macros.xml"/>
        <file crc="317634927" name="modules/locale/org-netbeans-modules-editor-macros_ja.jar"/>
        <file crc="2633973194" name="modules/locale/org-netbeans-modules-editor-macros_pt_BR.jar"/>
        <file crc="1716814127" name="modules/locale/org-netbeans-modules-editor-macros_ru.jar"/>
        <file crc="1446473463" name="modules/locale/org-netbeans-modules-editor-macros_zh_CN.jar"/>
        <file crc="3525693894" name="modules/org-netbeans-modules-editor-macros.jar"/>
    </module_version>
</module>
