<?xml version="1.0" encoding="UTF-8"?>
<module codename="org.netbeans.modules.defaults/1">
    <module_version install_time="1323291577939" last="true" origin="installer" specification_version="1.17.1">
        <file crc="1152392083" name="config/Modules/org-netbeans-modules-defaults.xml"/>
        <file crc="390249495" name="modules/locale/org-netbeans-modules-defaults_ja.jar"/>
        <file crc="1557292309" name="modules/locale/org-netbeans-modules-defaults_pt_BR.jar"/>
        <file crc="3876765218" name="modules/locale/org-netbeans-modules-defaults_ru.jar"/>
        <file crc="3989901685" name="modules/locale/org-netbeans-modules-defaults_zh_CN.jar"/>
        <file crc="1991121079" name="modules/org-netbeans-modules-defaults.jar"/>
    </module_version>
</module>
