<?xml version="1.0" encoding="UTF-8"?>
<module codename="org.netbeans.modules.editor/3">
    <module_version install_time="1323093668320" last="true" origin="installer" specification_version="1.59.1.5.19.25">
        <file crc="2401213403" name="config/Modules/org-netbeans-modules-editor.xml"/>
        <file crc="2462355053" name="modules/locale/org-netbeans-modules-editor_ja.jar"/>
        <file crc="2913094644" name="modules/locale/org-netbeans-modules-editor_pt_BR.jar"/>
        <file crc="1533285218" name="modules/locale/org-netbeans-modules-editor_ru.jar"/>
        <file crc="3227784023" name="modules/locale/org-netbeans-modules-editor_zh_CN.jar"/>
        <file crc="2098717964" name="modules/org-netbeans-modules-editor.jar"/>
    </module_version>
</module>
