<?xml version="1.0" encoding="UTF-8"?>
<module codename="org.netbeans.modules.spellchecker.dictionary_en">
    <module_version install_time="1323093554107" last="true" origin="installer" specification_version="1.8.1">
        <file crc="3063149510" name="config/Modules/org-netbeans-modules-spellchecker-dictionary_en.xml"/>
        <file crc="2500709939" name="modules/locale/org-netbeans-modules-spellchecker-dictionary_en_ja.jar"/>
        <file crc="345918082" name="modules/locale/org-netbeans-modules-spellchecker-dictionary_en_pt_BR.jar"/>
        <file crc="2381895109" name="modules/locale/org-netbeans-modules-spellchecker-dictionary_en_ru.jar"/>
        <file crc="2746202223" name="modules/locale/org-netbeans-modules-spellchecker-dictionary_en_zh_CN.jar"/>
        <file crc="2152550544" name="modules/org-netbeans-modules-spellchecker-dictionary_en.jar"/>
    </module_version>
</module>
