<?xml version="1.0" encoding="UTF-8"?>
<module codename="org.netbeans.modules.xml.xam/1">
    <module_version install_time="1323093698137" last="true" origin="installer" specification_version="1.16.1.1">
        <file crc="2361317231" name="config/Modules/org-netbeans-modules-xml-xam.xml"/>
        <file crc="943357382" name="modules/locale/org-netbeans-modules-xml-xam_ja.jar"/>
        <file crc="337251527" name="modules/locale/org-netbeans-modules-xml-xam_pt_BR.jar"/>
        <file crc="999441890" name="modules/locale/org-netbeans-modules-xml-xam_ru.jar"/>
        <file crc="2094162321" name="modules/locale/org-netbeans-modules-xml-xam_zh_CN.jar"/>
        <file crc="2543151453" name="modules/org-netbeans-modules-xml-xam.jar"/>
    </module_version>
</module>
