<?xml version="1.0" encoding="UTF-8"?>
<module codename="org.netbeans.lib.cvsclient/1">
    <module_version install_time="1323093475722" last="true" origin="installer" specification_version="1.29.1">
        <file crc="2107999419" name="config/Modules/org-netbeans-lib-cvsclient.xml"/>
        <file crc="2463835532" name="modules/locale/org-netbeans-lib-cvsclient_ja.jar"/>
        <file crc="223592382" name="modules/locale/org-netbeans-lib-cvsclient_pt_BR.jar"/>
        <file crc="1637782096" name="modules/locale/org-netbeans-lib-cvsclient_ru.jar"/>
        <file crc="2960226040" name="modules/locale/org-netbeans-lib-cvsclient_zh_CN.jar"/>
        <file crc="1901049324" name="modules/org-netbeans-lib-cvsclient.jar"/>
    </module_version>
</module>
