<?xml version="1.0" encoding="UTF-8"?>
<module codename="org.netbeans.modules.editor.codetemplates/1">
    <module_version install_time="1323291447646" last="true" origin="installer" specification_version="1.24.1.1">
        <file crc="315605031" name="config/Modules/org-netbeans-modules-editor-codetemplates.xml"/>
        <file crc="4100739722" name="modules/locale/org-netbeans-modules-editor-codetemplates_ja.jar"/>
        <file crc="3495180684" name="modules/locale/org-netbeans-modules-editor-codetemplates_pt_BR.jar"/>
        <file crc="1681455763" name="modules/locale/org-netbeans-modules-editor-codetemplates_ru.jar"/>
        <file crc="1249358531" name="modules/locale/org-netbeans-modules-editor-codetemplates_zh_CN.jar"/>
        <file crc="2564020080" name="modules/org-netbeans-modules-editor-codetemplates.jar"/>
    </module_version>
</module>
