<?xml version="1.0" encoding="UTF-8"?>
<module codename="org.netbeans.modules.editor.errorstripe/2">
    <module_version install_time="1323093683107" last="true" origin="installer" specification_version="2.19.1.1.1">
        <file crc="2060797385" name="config/Modules/org-netbeans-modules-editor-errorstripe.xml"/>
        <file crc="3638635687" name="modules/locale/org-netbeans-modules-editor-errorstripe_ja.jar"/>
        <file crc="168588460" name="modules/locale/org-netbeans-modules-editor-errorstripe_pt_BR.jar"/>
        <file crc="2478050372" name="modules/locale/org-netbeans-modules-editor-errorstripe_ru.jar"/>
        <file crc="1254440348" name="modules/locale/org-netbeans-modules-editor-errorstripe_zh_CN.jar"/>
        <file crc="3833384931" name="modules/org-netbeans-modules-editor-errorstripe.jar"/>
    </module_version>
</module>
