<?xml version="1.0" encoding="UTF-8"?>
<module codename="org.netbeans.modules.dlight.nativeexecution">
    <module_version install_time="1323093574667" last="true" origin="installer" specification_version="1.13.3.1">
        <file crc="249150406" name="config/Modules/org-netbeans-modules-dlight-nativeexecution.xml"/>
        <file crc="791513265" name="modules/locale/org-netbeans-modules-dlight-nativeexecution_ja.jar"/>
        <file crc="4240222129" name="modules/locale/org-netbeans-modules-dlight-nativeexecution_pt_BR.jar"/>
        <file crc="2879823545" name="modules/locale/org-netbeans-modules-dlight-nativeexecution_ru.jar"/>
        <file crc="1525689897" name="modules/locale/org-netbeans-modules-dlight-nativeexecution_zh_CN.jar"/>
        <file crc="3878657401" name="modules/org-netbeans-modules-dlight-nativeexecution.jar"/>
    </module_version>
</module>
