<?xml version="1.0" encoding="UTF-8"?>
<module codename="org.netbeans.modules.editor.indent/2">
    <module_version install_time="1323291436106" last="true" origin="installer" specification_version="1.26.1">
        <file crc="915460559" name="config/Modules/org-netbeans-modules-editor-indent.xml"/>
        <file crc="251109989" name="modules/locale/org-netbeans-modules-editor-indent_ja.jar"/>
        <file crc="219496538" name="modules/locale/org-netbeans-modules-editor-indent_pt_BR.jar"/>
        <file crc="3782127888" name="modules/locale/org-netbeans-modules-editor-indent_ru.jar"/>
        <file crc="1920192575" name="modules/locale/org-netbeans-modules-editor-indent_zh_CN.jar"/>
        <file crc="4231483010" name="modules/org-netbeans-modules-editor-indent.jar"/>
    </module_version>
</module>
