<?xml version="1.0" encoding="UTF-8"?>
<module codename="org.netbeans.modules.project.ant/1">
    <module_version install_time="1323291430154" last="true" origin="installer" specification_version="1.45.1">
        <file crc="3371719528" name="config/Modules/org-netbeans-modules-project-ant.xml"/>
        <file crc="4247958586" name="modules/locale/org-netbeans-modules-project-ant_ja.jar"/>
        <file crc="705109909" name="modules/locale/org-netbeans-modules-project-ant_pt_BR.jar"/>
        <file crc="2178426229" name="modules/locale/org-netbeans-modules-project-ant_ru.jar"/>
        <file crc="107947446" name="modules/locale/org-netbeans-modules-project-ant_zh_CN.jar"/>
        <file crc="2740118108" name="modules/org-netbeans-modules-project-ant.jar"/>
    </module_version>
</module>
