<?xml version="1.0" encoding="UTF-8"?>
<module codename="org.netbeans.modules.jumpto/1">
    <module_version install_time="1323291539553" last="true" origin="installer" specification_version="1.26.1.1">
        <file crc="771737990" name="config/Modules/org-netbeans-modules-jumpto.xml"/>
        <file crc="2870324493" name="modules/locale/org-netbeans-modules-jumpto_ja.jar"/>
        <file crc="1248926783" name="modules/locale/org-netbeans-modules-jumpto_pt_BR.jar"/>
        <file crc="1876069899" name="modules/locale/org-netbeans-modules-jumpto_ru.jar"/>
        <file crc="243926358" name="modules/locale/org-netbeans-modules-jumpto_zh_CN.jar"/>
        <file crc="273394567" name="modules/org-netbeans-modules-jumpto.jar"/>
    </module_version>
</module>
