<?xml version="1.0" encoding="UTF-8"?>
<module codename="org.netbeans.modules.spellchecker">
    <module_version install_time="1323291596038" last="true" origin="installer" specification_version="1.19.1.1.7">
        <file crc="3457150688" name="config/Modules/org-netbeans-modules-spellchecker.xml"/>
        <file crc="4273811276" name="modules/locale/org-netbeans-modules-spellchecker_ja.jar"/>
        <file crc="362827136" name="modules/locale/org-netbeans-modules-spellchecker_pt_BR.jar"/>
        <file crc="137270726" name="modules/locale/org-netbeans-modules-spellchecker_ru.jar"/>
        <file crc="966675210" name="modules/locale/org-netbeans-modules-spellchecker_zh_CN.jar"/>
        <file crc="4137610006" name="modules/org-netbeans-modules-spellchecker.jar"/>
    </module_version>
</module>
