<?xml version="1.0" encoding="UTF-8"?>
<module codename="org.netbeans.modules.web.client.tools.api">
    <module_version install_time="1323093532165" last="true" origin="installer" specification_version="1.12.1">
        <file crc="3283144197" name="config/Modules/org-netbeans-modules-web-client-tools-api.xml"/>
        <file crc="2464744952" name="modules/locale/org-netbeans-modules-web-client-tools-api_ja.jar"/>
        <file crc="3736110444" name="modules/locale/org-netbeans-modules-web-client-tools-api_pt_BR.jar"/>
        <file crc="1317220195" name="modules/locale/org-netbeans-modules-web-client-tools-api_ru.jar"/>
        <file crc="1107993150" name="modules/locale/org-netbeans-modules-web-client-tools-api_zh_CN.jar"/>
        <file crc="511356103" name="modules/org-netbeans-modules-web-client-tools-api.jar"/>
    </module_version>
</module>
