<?xml version="1.0" encoding="UTF-8"?>
<module codename="org.netbeans.modules.languages.manifest">
    <module_version install_time="1323093565893" last="true" origin="installer" specification_version="1.17.1">
        <file crc="82613707" name="config/Modules/org-netbeans-modules-languages-manifest.xml"/>
        <file crc="674929173" name="modules/locale/org-netbeans-modules-languages-manifest_ja.jar"/>
        <file crc="3863498407" name="modules/locale/org-netbeans-modules-languages-manifest_pt_BR.jar"/>
        <file crc="238813030" name="modules/locale/org-netbeans-modules-languages-manifest_ru.jar"/>
        <file crc="1375914892" name="modules/locale/org-netbeans-modules-languages-manifest_zh_CN.jar"/>
        <file crc="2695467214" name="modules/org-netbeans-modules-languages-manifest.jar"/>
    </module_version>
</module>
