<?xml version="1.0" encoding="UTF-8"?>
<module codename="org.netbeans.modules.editor.kit">
    <module_version install_time="1323093703927" last="true" origin="installer" specification_version="1.15.1">
        <file crc="1726315458" name="config/Modules/org-netbeans-modules-editor-kit.xml"/>
        <file crc="2616760338" name="modules/locale/org-netbeans-modules-editor-kit_ja.jar"/>
        <file crc="1756709498" name="modules/locale/org-netbeans-modules-editor-kit_pt_BR.jar"/>
        <file crc="763690537" name="modules/locale/org-netbeans-modules-editor-kit_ru.jar"/>
        <file crc="1443754997" name="modules/locale/org-netbeans-modules-editor-kit_zh_CN.jar"/>
        <file crc="3096499501" name="modules/org-netbeans-modules-editor-kit.jar"/>
    </module_version>
</module>
