<?xml version="1.0" encoding="UTF-8"?>
<module codename="org.netbeans.modules.projectui">
    <module_version install_time="1323093568835" last="true" origin="installer" specification_version="1.30.1.8">
        <file crc="160952363" name="config/Modules/org-netbeans-modules-projectui.xml"/>
        <file crc="1886245868" name="modules/locale/org-netbeans-modules-projectui_ja.jar"/>
        <file crc="1417771239" name="modules/locale/org-netbeans-modules-projectui_pt_BR.jar"/>
        <file crc="2519740385" name="modules/locale/org-netbeans-modules-projectui_ru.jar"/>
        <file crc="3106703328" name="modules/locale/org-netbeans-modules-projectui_zh_CN.jar"/>
        <file crc="4142465840" name="modules/org-netbeans-modules-projectui.jar"/>
    </module_version>
</module>
