<?xml version="1.0" encoding="UTF-8"?>
<module codename="org.netbeans.modules.hudson.mercurial">
    <module_version install_time="1323291422814" last="true" origin="installer" specification_version="1.13.1">
        <file crc="1555280493" name="config/Modules/org-netbeans-modules-hudson-mercurial.xml"/>
        <file crc="1596063715" name="modules/locale/org-netbeans-modules-hudson-mercurial_ja.jar"/>
        <file crc="2912451645" name="modules/locale/org-netbeans-modules-hudson-mercurial_pt_BR.jar"/>
        <file crc="2305997349" name="modules/locale/org-netbeans-modules-hudson-mercurial_ru.jar"/>
        <file crc="1377773917" name="modules/locale/org-netbeans-modules-hudson-mercurial_zh_CN.jar"/>
        <file crc="996501158" name="modules/org-netbeans-modules-hudson-mercurial.jar"/>
    </module_version>
</module>
