<?xml version="1.0" encoding="UTF-8"?>
<module codename="org.netbeans.modules.web.common">
    <module_version install_time="1323093609016" last="true" origin="installer" specification_version="1.15.1">
        <file crc="842111795" name="config/Modules/org-netbeans-modules-web-common.xml"/>
        <file crc="1288040430" name="modules/locale/org-netbeans-modules-web-common_ja.jar"/>
        <file crc="3629194476" name="modules/locale/org-netbeans-modules-web-common_pt_BR.jar"/>
        <file crc="3851875051" name="modules/locale/org-netbeans-modules-web-common_ru.jar"/>
        <file crc="3481676425" name="modules/locale/org-netbeans-modules-web-common_zh_CN.jar"/>
        <file crc="2139294329" name="modules/org-netbeans-modules-web-common.jar"/>
    </module_version>
</module>
