<?xml version="1.0" encoding="UTF-8"?>
<module codename="org.netbeans.modules.versioning.system.cvss.installer">
    <module_version install_time="1323291476872" last="true" origin="installer" specification_version="1.1.1">
        <file crc="3063872502" name="config/Modules/org-netbeans-modules-versioning-system-cvss-installer.xml"/>
        <file crc="1930053117" name="modules/locale/org-netbeans-modules-versioning-system-cvss-installer_ja.jar"/>
        <file crc="843231984" name="modules/locale/org-netbeans-modules-versioning-system-cvss-installer_pt_BR.jar"/>
        <file crc="4195441328" name="modules/locale/org-netbeans-modules-versioning-system-cvss-installer_ru.jar"/>
        <file crc="1716489365" name="modules/locale/org-netbeans-modules-versioning-system-cvss-installer_zh_CN.jar"/>
        <file crc="4015773818" name="modules/org-netbeans-modules-versioning-system-cvss-installer.jar"/>
    </module_version>
</module>
