<?xml version="1.0" encoding="UTF-8"?>
<module codename="org.netbeans.modules.projectapi/1">
    <module_version install_time="1323093661183" last="true" origin="installer" specification_version="1.40.1">
        <file crc="1088517943" name="config/Modules/org-netbeans-modules-projectapi.xml"/>
        <file crc="3695951545" name="modules/locale/org-netbeans-modules-projectapi_ja.jar"/>
        <file crc="2211632501" name="modules/locale/org-netbeans-modules-projectapi_pt_BR.jar"/>
        <file crc="1835457941" name="modules/locale/org-netbeans-modules-projectapi_ru.jar"/>
        <file crc="4273130555" name="modules/locale/org-netbeans-modules-projectapi_zh_CN.jar"/>
        <file crc="1030792986" name="modules/org-netbeans-modules-projectapi.jar"/>
    </module_version>
</module>
