<?xml version="1.0" encoding="UTF-8"?>
<module codename="org.netbeans.modules.versioning.system.cvss.installer">
    <module_version install_time="1323093570246" last="true" origin="installer" specification_version="1.1.1">
        <file crc="3063872502" name="config/Modules/org-netbeans-modules-versioning-system-cvss-installer.xml"/>
        <file crc="3069293357" name="modules/locale/org-netbeans-modules-versioning-system-cvss-installer_ja.jar"/>
        <file crc="699190848" name="modules/locale/org-netbeans-modules-versioning-system-cvss-installer_pt_BR.jar"/>
        <file crc="993863013" name="modules/locale/org-netbeans-modules-versioning-system-cvss-installer_ru.jar"/>
        <file crc="3367231809" name="modules/locale/org-netbeans-modules-versioning-system-cvss-installer_zh_CN.jar"/>
        <file crc="3758580584" name="modules/org-netbeans-modules-versioning-system-cvss-installer.jar"/>
    </module_version>
</module>
