<?xml version="1.0" encoding="UTF-8"?>
<module codename="org.netbeans.modules.editor.settings/1">
    <module_version install_time="1323093500498" last="true" origin="installer" specification_version="1.38.1">
        <file crc="561761059" name="config/Modules/org-netbeans-modules-editor-settings.xml"/>
        <file crc="1135590246" name="modules/locale/org-netbeans-modules-editor-settings_ja.jar"/>
        <file crc="2057768365" name="modules/locale/org-netbeans-modules-editor-settings_pt_BR.jar"/>
        <file crc="3325954602" name="modules/locale/org-netbeans-modules-editor-settings_ru.jar"/>
        <file crc="159412659" name="modules/locale/org-netbeans-modules-editor-settings_zh_CN.jar"/>
        <file crc="1078748714" name="modules/org-netbeans-modules-editor-settings.jar"/>
    </module_version>
</module>
