<?xml version="1.0" encoding="UTF-8"?>
<module codename="org.netbeans.modules.diff/1">
    <module_version install_time="1323093466992" last="true" origin="installer" specification_version="1.35.1.42.1">
        <file crc="4024982772" name="config/Modules/org-netbeans-modules-diff.xml"/>
        <file crc="1379874114" name="modules/locale/org-netbeans-modules-diff_ja.jar"/>
        <file crc="1850812591" name="modules/locale/org-netbeans-modules-diff_pt_BR.jar"/>
        <file crc="1806328576" name="modules/locale/org-netbeans-modules-diff_ru.jar"/>
        <file crc="1196290166" name="modules/locale/org-netbeans-modules-diff_zh_CN.jar"/>
        <file crc="2902978148" name="modules/org-netbeans-modules-diff.jar"/>
    </module_version>
</module>
