<?xml version="1.0" encoding="UTF-8"?>
<module codename="org.netbeans.modules.gsf.codecoverage">
    <module_version install_time="1323291569244" last="true" origin="installer" specification_version="1.16.1">
        <file crc="1568665605" name="config/Modules/org-netbeans-modules-gsf-codecoverage.xml"/>
        <file crc="2702002412" name="modules/locale/org-netbeans-modules-gsf-codecoverage_ja.jar"/>
        <file crc="3414997336" name="modules/locale/org-netbeans-modules-gsf-codecoverage_pt_BR.jar"/>
        <file crc="2926744985" name="modules/locale/org-netbeans-modules-gsf-codecoverage_ru.jar"/>
        <file crc="4033741381" name="modules/locale/org-netbeans-modules-gsf-codecoverage_zh_CN.jar"/>
        <file crc="4074313428" name="modules/org-netbeans-modules-gsf-codecoverage.jar"/>
    </module_version>
</module>
