<?xml version="1.0" encoding="UTF-8"?>
<module codename="org.netbeans.modules.xml.tools/2">
    <module_version install_time="1323093656825" last="true" origin="installer" specification_version="1.28.1">
        <file crc="3189568242" name="config/Modules/org-netbeans-modules-xml-tools.xml"/>
        <file crc="1926986138" name="modules/locale/org-netbeans-modules-xml-tools_ja.jar"/>
        <file crc="177067813" name="modules/locale/org-netbeans-modules-xml-tools_pt_BR.jar"/>
        <file crc="1091183582" name="modules/locale/org-netbeans-modules-xml-tools_ru.jar"/>
        <file crc="78524578" name="modules/locale/org-netbeans-modules-xml-tools_zh_CN.jar"/>
        <file crc="416530508" name="modules/org-netbeans-modules-xml-tools.jar"/>
    </module_version>
</module>
