<?xml version="1.0" encoding="UTF-8"?>
<module codename="org.netbeans.modules.xml.xdm/1">
    <module_version install_time="1323291556411" last="true" origin="installer" specification_version="1.17.1.1">
        <file crc="1060261276" name="config/Modules/org-netbeans-modules-xml-xdm.xml"/>
        <file crc="4034944741" name="modules/locale/org-netbeans-modules-xml-xdm_ja.jar"/>
        <file crc="2646763843" name="modules/locale/org-netbeans-modules-xml-xdm_pt_BR.jar"/>
        <file crc="2955348830" name="modules/locale/org-netbeans-modules-xml-xdm_ru.jar"/>
        <file crc="2887808762" name="modules/locale/org-netbeans-modules-xml-xdm_zh_CN.jar"/>
        <file crc="1709026051" name="modules/org-netbeans-modules-xml-xdm.jar"/>
    </module_version>
</module>
