<?xml version="1.0" encoding="UTF-8"?>
<module codename="org.netbeans.libs.svnClientAdapter.svnkit/1">
    <module_version install_time="1311882673747" last="true" origin="installer" specification_version="1.2.1">
        <file crc="1961354368" name="config/Modules/org-netbeans-libs-svnClientAdapter-svnkit.xml"/>
        <file crc="92467947" name="modules/ext/sqljet-1.0.3.jar"/>
        <file crc="3471921342" name="modules/ext/svnClientAdapter-svnkit-1.6.13.jar"/>
        <file crc="781920339" name="modules/ext/svnkit-1.3.4.jar"/>
        <file crc="3784312608" name="modules/ext/svnkit-javahl.jar"/>
        <file crc="3359937151" name="modules/ext/trilead.jar"/>
        <file crc="1750608928" name="modules/org-netbeans-libs-svnClientAdapter-svnkit.jar"/>
    </module_version>
</module>
