<?xml version="1.0" encoding="UTF-8"?>
<module codename="org.netbeans.modules.tasklist.kit">
    <module_version install_time="1323093654003" last="true" origin="installer" specification_version="1.14.1">
        <file crc="4190722416" name="config/Modules/org-netbeans-modules-tasklist-kit.xml"/>
        <file crc="413263887" name="modules/locale/org-netbeans-modules-tasklist-kit_ja.jar"/>
        <file crc="622129213" name="modules/locale/org-netbeans-modules-tasklist-kit_pt_BR.jar"/>
        <file crc="4265132375" name="modules/locale/org-netbeans-modules-tasklist-kit_ru.jar"/>
        <file crc="2285687123" name="modules/locale/org-netbeans-modules-tasklist-kit_zh_CN.jar"/>
        <file crc="1812461205" name="modules/org-netbeans-modules-tasklist-kit.jar"/>
    </module_version>
</module>
