<?xml version="1.0" encoding="UTF-8"?>
<module codename="org.netbeans.modules.utilities.project/1">
    <module_version install_time="1323093607625" last="true" origin="installer" specification_version="1.21.1">
        <file crc="1999945361" name="config/Modules/org-netbeans-modules-utilities-project.xml"/>
        <file crc="2945261058" name="modules/locale/org-netbeans-modules-utilities-project_ja.jar"/>
        <file crc="3957049154" name="modules/locale/org-netbeans-modules-utilities-project_pt_BR.jar"/>
        <file crc="729952673" name="modules/locale/org-netbeans-modules-utilities-project_ru.jar"/>
        <file crc="2954070091" name="modules/locale/org-netbeans-modules-utilities-project_zh_CN.jar"/>
        <file crc="611245023" name="modules/org-netbeans-modules-utilities-project.jar"/>
    </module_version>
</module>
