<?xml version="1.0" encoding="UTF-8"?>
<module codename="org.netbeans.modules.xml.axi">
    <module_version install_time="1323093464144" last="true" origin="installer" specification_version="1.16.1">
        <file crc="807763827" name="config/Modules/org-netbeans-modules-xml-axi.xml"/>
        <file crc="2322114186" name="modules/locale/org-netbeans-modules-xml-axi_ja.jar"/>
        <file crc="763624472" name="modules/locale/org-netbeans-modules-xml-axi_pt_BR.jar"/>
        <file crc="2135418400" name="modules/locale/org-netbeans-modules-xml-axi_ru.jar"/>
        <file crc="289695696" name="modules/locale/org-netbeans-modules-xml-axi_zh_CN.jar"/>
        <file crc="333483099" name="modules/org-netbeans-modules-xml-axi.jar"/>
    </module_version>
</module>
