<?xml version="1.0" encoding="UTF-8"?>
<module codename="org.netbeans.libs.swingx/1">
    <module_version install_time="1323093642280" last="true" origin="installer" specification_version="1.12.1">
        <file crc="1452133379" name="config/Modules/org-netbeans-libs-swingx.xml"/>
        <file crc="3123084890" name="modules/ext/swingx-0.9.5.jar"/>
        <file crc="4085860596" name="modules/locale/org-netbeans-libs-swingx_ja.jar"/>
        <file crc="2707363193" name="modules/locale/org-netbeans-libs-swingx_pt_BR.jar"/>
        <file crc="1801776182" name="modules/locale/org-netbeans-libs-swingx_ru.jar"/>
        <file crc="3394799147" name="modules/locale/org-netbeans-libs-swingx_zh_CN.jar"/>
        <file crc="1585715743" name="modules/org-netbeans-libs-swingx.jar"/>
    </module_version>
</module>
