<?xml version="1.0" encoding="UTF-8"?>
<module codename="org.netbeans.modules.image/1">
    <module_version install_time="1323291536625" last="true" origin="installer" specification_version="1.33.1">
        <file crc="3486416273" name="config/Modules/org-netbeans-modules-image.xml"/>
        <file crc="623040444" name="modules/locale/org-netbeans-modules-image_ja.jar"/>
        <file crc="1918337378" name="modules/locale/org-netbeans-modules-image_pt_BR.jar"/>
        <file crc="1174280605" name="modules/locale/org-netbeans-modules-image_ru.jar"/>
        <file crc="1430936177" name="modules/locale/org-netbeans-modules-image_zh_CN.jar"/>
        <file crc="2922050753" name="modules/org-netbeans-modules-image.jar"/>
    </module_version>
</module>
