<?xml version="1.0" encoding="UTF-8"?>
<module codename="org.netbeans.modules.editor.actions/1">
    <module_version install_time="1323093611884" last="true" origin="installer" specification_version="1.13.1.25">
        <file crc="992536293" name="config/Modules/org-netbeans-modules-editor-actions.xml"/>
        <file crc="587203333" name="modules/locale/org-netbeans-modules-editor-actions_ja.jar"/>
        <file crc="3775588845" name="modules/locale/org-netbeans-modules-editor-actions_pt_BR.jar"/>
        <file crc="3342121323" name="modules/locale/org-netbeans-modules-editor-actions_ru.jar"/>
        <file crc="1105111836" name="modules/locale/org-netbeans-modules-editor-actions_zh_CN.jar"/>
        <file crc="11147834" name="modules/org-netbeans-modules-editor-actions.jar"/>
    </module_version>
</module>
