<?xml version="1.0" encoding="UTF-8"?>
<module codename="org.netbeans.modules.hudson.mercurial">
    <module_version install_time="1323093516377" last="true" origin="installer" specification_version="1.13.1">
        <file crc="1555280493" name="config/Modules/org-netbeans-modules-hudson-mercurial.xml"/>
        <file crc="2907152229" name="modules/locale/org-netbeans-modules-hudson-mercurial_ja.jar"/>
        <file crc="3880552712" name="modules/locale/org-netbeans-modules-hudson-mercurial_pt_BR.jar"/>
        <file crc="4221823300" name="modules/locale/org-netbeans-modules-hudson-mercurial_ru.jar"/>
        <file crc="2611354605" name="modules/locale/org-netbeans-modules-hudson-mercurial_zh_CN.jar"/>
        <file crc="3144685684" name="modules/org-netbeans-modules-hudson-mercurial.jar"/>
    </module_version>
</module>
