<?xml version="1.0" encoding="UTF-8"?>
<module codename="org.netbeans.modules.tasklist.ui/1">
    <module_version install_time="1323093604700" last="true" origin="installer" specification_version="1.16.1.1">
        <file crc="2796626611" name="config/Modules/org-netbeans-modules-tasklist-ui.xml"/>
        <file crc="1745596402" name="modules/locale/org-netbeans-modules-tasklist-ui_ja.jar"/>
        <file crc="1320217532" name="modules/locale/org-netbeans-modules-tasklist-ui_pt_BR.jar"/>
        <file crc="4179319324" name="modules/locale/org-netbeans-modules-tasklist-ui_ru.jar"/>
        <file crc="3192982181" name="modules/locale/org-netbeans-modules-tasklist-ui_zh_CN.jar"/>
        <file crc="1817994327" name="modules/org-netbeans-modules-tasklist-ui.jar"/>
    </module_version>
</module>
