<?xml version="1.0" encoding="UTF-8"?>
<module codename="org.netbeans.spi.debugger.ui/1">
    <module_version install_time="1323291524949" last="true" origin="installer" specification_version="2.29.1">
        <file crc="1519443584" name="config/Modules/org-netbeans-spi-debugger-ui.xml"/>
        <file crc="1501000464" name="modules/locale/org-netbeans-spi-debugger-ui_ja.jar"/>
        <file crc="4214956684" name="modules/locale/org-netbeans-spi-debugger-ui_pt_BR.jar"/>
        <file crc="3754939467" name="modules/locale/org-netbeans-spi-debugger-ui_ru.jar"/>
        <file crc="354252356" name="modules/locale/org-netbeans-spi-debugger-ui_zh_CN.jar"/>
        <file crc="2439205698" name="modules/org-netbeans-spi-debugger-ui.jar"/>
    </module_version>
</module>
