<?xml version="1.0" encoding="UTF-8"?>
<module codename="org.netbeans.modules.languages.diff">
    <module_version install_time="1323291559290" last="true" origin="installer" specification_version="1.18.1">
        <file crc="3703025839" name="config/Modules/org-netbeans-modules-languages-diff.xml"/>
        <file crc="1816836877" name="modules/locale/org-netbeans-modules-languages-diff_ja.jar"/>
        <file crc="1483987221" name="modules/locale/org-netbeans-modules-languages-diff_pt_BR.jar"/>
        <file crc="1671342918" name="modules/locale/org-netbeans-modules-languages-diff_ru.jar"/>
        <file crc="2373009079" name="modules/locale/org-netbeans-modules-languages-diff_zh_CN.jar"/>
        <file crc="1872262947" name="modules/org-netbeans-modules-languages-diff.jar"/>
    </module_version>
</module>
