<?xml version="1.0" encoding="UTF-8"?>
<module codename="org.netbeans.api.debugger/1">
    <module_version install_time="1323093480024" last="true" origin="installer" specification_version="1.33.1">
        <file crc="3559887295" name="config/Modules/org-netbeans-api-debugger.xml"/>
        <file crc="82454534" name="modules/locale/org-netbeans-api-debugger_ja.jar"/>
        <file crc="2527690208" name="modules/locale/org-netbeans-api-debugger_pt_BR.jar"/>
        <file crc="119450675" name="modules/locale/org-netbeans-api-debugger_ru.jar"/>
        <file crc="3457387065" name="modules/locale/org-netbeans-api-debugger_zh_CN.jar"/>
        <file crc="4163430259" name="modules/org-netbeans-api-debugger.jar"/>
    </module_version>
</module>
