<?xml version="1.0" encoding="UTF-8"?>
<module codename="org.netbeans.modules.refactoring.api">
    <module_version install_time="1323093696712" last="true" origin="installer" specification_version="1.19.1">
        <file crc="660297798" name="config/Modules/org-netbeans-modules-refactoring-api.xml"/>
        <file crc="779379701" name="modules/locale/org-netbeans-modules-refactoring-api_ja.jar"/>
        <file crc="2157873945" name="modules/locale/org-netbeans-modules-refactoring-api_pt_BR.jar"/>
        <file crc="6191033" name="modules/locale/org-netbeans-modules-refactoring-api_ru.jar"/>
        <file crc="1533012145" name="modules/locale/org-netbeans-modules-refactoring-api_zh_CN.jar"/>
        <file crc="1900368527" name="modules/org-netbeans-modules-refactoring-api.jar"/>
    </module_version>
</module>
