<?xml version="1.0" encoding="UTF-8"?>
<module codename="org.netbeans.modules.editor.guards/1">
    <module_version install_time="1323093487294" last="true" origin="installer" specification_version="1.14.1">
        <file crc="591587818" name="config/Modules/org-netbeans-modules-editor-guards.xml"/>
        <file crc="3069359996" name="modules/locale/org-netbeans-modules-editor-guards_ja.jar"/>
        <file crc="711582917" name="modules/locale/org-netbeans-modules-editor-guards_pt_BR.jar"/>
        <file crc="855444732" name="modules/locale/org-netbeans-modules-editor-guards_ru.jar"/>
        <file crc="2231157406" name="modules/locale/org-netbeans-modules-editor-guards_zh_CN.jar"/>
        <file crc="1353230582" name="modules/org-netbeans-modules-editor-guards.jar"/>
    </module_version>
</module>
