<?xml version="1.0" encoding="UTF-8"?>
<module codename="org.netbeans.modules.spellchecker.kit">
    <module_version install_time="1323093520567" last="true" origin="installer" specification_version="1.11.1">
        <file crc="828845662" name="config/Modules/org-netbeans-modules-spellchecker-kit.xml"/>
        <file crc="692961376" name="modules/locale/org-netbeans-modules-spellchecker-kit_ja.jar"/>
        <file crc="3195800982" name="modules/locale/org-netbeans-modules-spellchecker-kit_pt_BR.jar"/>
        <file crc="2974728939" name="modules/locale/org-netbeans-modules-spellchecker-kit_ru.jar"/>
        <file crc="1302143112" name="modules/locale/org-netbeans-modules-spellchecker-kit_zh_CN.jar"/>
        <file crc="1083068001" name="modules/org-netbeans-modules-spellchecker-kit.jar"/>
    </module_version>
</module>
