<?xml version="1.0" encoding="UTF-8"?>
<module codename="org.netbeans.modules.properties/1">
    <module_version install_time="1323291471226" last="true" origin="installer" specification_version="1.38.1">
        <file crc="2183385895" name="config/Modules/org-netbeans-modules-properties.xml"/>
        <file crc="170331393" name="modules/locale/org-netbeans-modules-properties_ja.jar"/>
        <file crc="3930893074" name="modules/locale/org-netbeans-modules-properties_pt_BR.jar"/>
        <file crc="367039062" name="modules/locale/org-netbeans-modules-properties_ru.jar"/>
        <file crc="2990987411" name="modules/locale/org-netbeans-modules-properties_zh_CN.jar"/>
        <file crc="920306041" name="modules/org-netbeans-modules-properties.jar"/>
    </module_version>
</module>
