<?xml version="1.0" encoding="UTF-8"?>
<module codename="org.netbeans.modules.mercurial">
    <module_version install_time="1323291434530" last="true" origin="installer" specification_version="1.21.2.42.1">
        <file crc="2345571929" name="config/Modules/org-netbeans-modules-mercurial.xml"/>
        <file crc="1947919164" name="modules/docs/org-netbeans-modules-mercurial.jar"/>
        <file crc="2833953808" name="modules/locale/org-netbeans-modules-mercurial_ja.jar"/>
        <file crc="1528203761" name="modules/locale/org-netbeans-modules-mercurial_pt_BR.jar"/>
        <file crc="3090385021" name="modules/locale/org-netbeans-modules-mercurial_ru.jar"/>
        <file crc="2466825284" name="modules/locale/org-netbeans-modules-mercurial_zh_CN.jar"/>
        <file crc="1495420853" name="modules/org-netbeans-modules-mercurial.jar"/>
    </module_version>
</module>
