<?xml version="1.0" encoding="UTF-8" standalone="no"?>
<module codename="org.netbeans.modules.xml.retriever/1">
    <module_version install_time="1311883197564" last="false" origin="installer" specification_version="1.14.1">
        <file crc="3602039916" name="config/Modules/org-netbeans-modules-xml-retriever.xml"/>
        <file crc="1886691812" name="modules/org-netbeans-modules-xml-retriever.jar"/>
    </module_version>
    <module_version install_time="1315342287723" last="true" origin="NetBeans Distribution" specification_version="1.14.2">
        <file crc="3506203986" name="modules/locale/org-netbeans-modules-xml-retriever_ja.jar"/>
        <file crc="4030283922" name="modules/locale/org-netbeans-modules-xml-retriever_pt_BR.jar"/>
        <file crc="3949715548" name="modules/locale/org-netbeans-modules-xml-retriever_ru.jar"/>
        <file crc="627277193" name="modules/locale/org-netbeans-modules-xml-retriever_zh_CN.jar"/>
        <file crc="3602039916" name="config/Modules/org-netbeans-modules-xml-retriever.xml"/>
        <file crc="3954524476" name="modules/org-netbeans-modules-xml-retriever.jar"/>
    </module_version>
</module>
