<?xml version="1.0" encoding="UTF-8"?>
<module codename="org.netbeans.modules.bugtracking.bridge">
    <module_version install_time="1323291414171" last="true" origin="installer" specification_version="1.13.1">
        <file crc="337954893" name="config/Modules/org-netbeans-modules-bugtracking-bridge.xml"/>
        <file crc="4007485100" name="modules/locale/org-netbeans-modules-bugtracking-bridge_ja.jar"/>
        <file crc="1609970558" name="modules/locale/org-netbeans-modules-bugtracking-bridge_pt_BR.jar"/>
        <file crc="1511186899" name="modules/locale/org-netbeans-modules-bugtracking-bridge_ru.jar"/>
        <file crc="25940467" name="modules/locale/org-netbeans-modules-bugtracking-bridge_zh_CN.jar"/>
        <file crc="2922086774" name="modules/org-netbeans-modules-bugtracking-bridge.jar"/>
    </module_version>
</module>
