<?xml version="1.0" encoding="UTF-8"?>
<module codename="org.netbeans.spi.navigator/1">
    <module_version install_time="1323093643756" last="true" origin="installer" specification_version="1.20.1">
        <file crc="489298949" name="config/Modules/org-netbeans-spi-navigator.xml"/>
        <file crc="1202645064" name="modules/locale/org-netbeans-spi-navigator_ja.jar"/>
        <file crc="312133763" name="modules/locale/org-netbeans-spi-navigator_pt_BR.jar"/>
        <file crc="2281496885" name="modules/locale/org-netbeans-spi-navigator_ru.jar"/>
        <file crc="1172476011" name="modules/locale/org-netbeans-spi-navigator_zh_CN.jar"/>
        <file crc="4092612656" name="modules/org-netbeans-spi-navigator.jar"/>
    </module_version>
</module>
