<?xml version="1.0" encoding="UTF-8"?>
<module codename="org.netbeans.modules.versioning.indexingbridge/0">
    <module_version install_time="1323291419907" last="true" origin="installer" specification_version="1.10.1">
        <file crc="1602847968" name="config/Modules/org-netbeans-modules-versioning-indexingbridge.xml"/>
        <file crc="2291404208" name="modules/locale/org-netbeans-modules-versioning-indexingbridge_ja.jar"/>
        <file crc="2773334641" name="modules/locale/org-netbeans-modules-versioning-indexingbridge_pt_BR.jar"/>
        <file crc="37693841" name="modules/locale/org-netbeans-modules-versioning-indexingbridge_ru.jar"/>
        <file crc="2004035100" name="modules/locale/org-netbeans-modules-versioning-indexingbridge_zh_CN.jar"/>
        <file crc="2621418859" name="modules/org-netbeans-modules-versioning-indexingbridge.jar"/>
    </module_version>
</module>
