<?xml version="1.0" encoding="UTF-8"?>
<module codename="org.netbeans.modules.editor.indent.project/0">
    <module_version install_time="1323093576152" last="true" origin="installer" specification_version="1.7.1">
        <file crc="1994075921" name="config/Modules/org-netbeans-modules-editor-indent-project.xml"/>
        <file crc="1357534879" name="modules/locale/org-netbeans-modules-editor-indent-project_ja.jar"/>
        <file crc="3915039112" name="modules/locale/org-netbeans-modules-editor-indent-project_pt_BR.jar"/>
        <file crc="2144067013" name="modules/locale/org-netbeans-modules-editor-indent-project_ru.jar"/>
        <file crc="1622541641" name="modules/locale/org-netbeans-modules-editor-indent-project_zh_CN.jar"/>
        <file crc="4247942602" name="modules/org-netbeans-modules-editor-indent-project.jar"/>
    </module_version>
</module>
