<?xml version="1.0" encoding="UTF-8"?>
<module codename="org.netbeans.modules.server/0">
    <module_version install_time="1323291424216" last="true" origin="installer" specification_version="1.16.1">
        <file crc="3460152807" name="config/Modules/org-netbeans-modules-server.xml"/>
        <file crc="2789954959" name="modules/locale/org-netbeans-modules-server_ja.jar"/>
        <file crc="3764485762" name="modules/locale/org-netbeans-modules-server_pt_BR.jar"/>
        <file crc="2192370419" name="modules/locale/org-netbeans-modules-server_ru.jar"/>
        <file crc="2549404749" name="modules/locale/org-netbeans-modules-server_zh_CN.jar"/>
        <file crc="531852498" name="modules/org-netbeans-modules-server.jar"/>
    </module_version>
</module>
