<?xml version="1.0" encoding="UTF-8"?>
<module codename="org.netbeans.modules.editor.util/1">
    <module_version install_time="1323291562103" last="true" origin="installer" specification_version="1.45.1">
        <file crc="1365010955" name="config/Modules/org-netbeans-modules-editor-util.xml"/>
        <file crc="1565757975" name="modules/locale/org-netbeans-modules-editor-util_ja.jar"/>
        <file crc="3852488766" name="modules/locale/org-netbeans-modules-editor-util_pt_BR.jar"/>
        <file crc="1482411641" name="modules/locale/org-netbeans-modules-editor-util_ru.jar"/>
        <file crc="349840998" name="modules/locale/org-netbeans-modules-editor-util_zh_CN.jar"/>
        <file crc="3926229438" name="modules/org-netbeans-modules-editor-util.jar"/>
    </module_version>
</module>
