<?xml version="1.0" encoding="UTF-8"?>
<module codename="org.netbeans.modules.dlight.nativeexecution">
    <module_version install_time="1311883278266" last="true" origin="installer" specification_version="1.10.3.1">
        <file crc="755239459" name="bin/nativeexecution/Linux-x86/process_start"/>
        <file crc="3231921710" name="bin/nativeexecution/Linux-x86/pty"/>
        <file crc="3500692289" name="bin/nativeexecution/Linux-x86/pty_open"/>
        <file crc="3356918927" name="bin/nativeexecution/Linux-x86/sigqueue"/>
        <file crc="954821623" name="bin/nativeexecution/Linux-x86/stat"/>
        <file crc="2315260862" name="bin/nativeexecution/Linux-x86/unbuffer.so"/>
        <file crc="1237002094" name="bin/nativeexecution/Linux-x86_64/process_start"/>
        <file crc="34826870" name="bin/nativeexecution/Linux-x86_64/pty"/>
        <file crc="2707610663" name="bin/nativeexecution/Linux-x86_64/pty_open"/>
        <file crc="496243041" name="bin/nativeexecution/Linux-x86_64/sigqueue"/>
        <file crc="3632465540" name="bin/nativeexecution/Linux-x86_64/stat"/>
        <file crc="3831061554" name="bin/nativeexecution/Linux-x86_64/unbuffer.so"/>
        <file crc="1275998866" name="bin/nativeexecution/MacOSX-x86/process_start"/>
        <file crc="3341770215" name="bin/nativeexecution/MacOSX-x86/pty"/>
        <file crc="484702376" name="bin/nativeexecution/MacOSX-x86/pty_open"/>
        <file crc="483427664" name="bin/nativeexecution/MacOSX-x86/stat"/>
        <file crc="2121602452" name="bin/nativeexecution/MacOSX-x86/unbuffer.dylib"/>
        <file crc="3584022884" name="bin/nativeexecution/MacOSX-x86_64/process_start"/>
        <file crc="3665810930" name="bin/nativeexecution/MacOSX-x86_64/pty"/>
        <file crc="1101644173" name="bin/nativeexecution/MacOSX-x86_64/pty_open"/>
        <file crc="1927002667" name="bin/nativeexecution/MacOSX-x86_64/stat"/>
        <file crc="380202925" name="bin/nativeexecution/MacOSX-x86_64/unbuffer.dylib"/>
        <file crc="186118468" name="bin/nativeexecution/SunOS-sparc/privp"/>
        <file crc="2582199676" name="bin/nativeexecution/SunOS-sparc/process_start"/>
        <file crc="1842681862" name="bin/nativeexecution/SunOS-sparc/pty"/>
        <file crc="3781132668" name="bin/nativeexecution/SunOS-sparc/pty_open"/>
        <file crc="1120889477" name="bin/nativeexecution/SunOS-sparc/sigqueue"/>
        <file crc="4268146894" name="bin/nativeexecution/SunOS-sparc/stat"/>
        <file crc="1333217312" name="bin/nativeexecution/SunOS-sparc/unbuffer.so"/>
        <file crc="1236182142" name="bin/nativeexecution/SunOS-sparc_64/privp"/>
        <file crc="2777571336" name="bin/nativeexecution/SunOS-sparc_64/process_start"/>
        <file crc="4045449429" name="bin/nativeexecution/SunOS-sparc_64/pty"/>
        <file crc="3347678519" name="bin/nativeexecution/SunOS-sparc_64/pty_open"/>
        <file crc="1736553690" name="bin/nativeexecution/SunOS-sparc_64/sigqueue"/>
        <file crc="4154337329" name="bin/nativeexecution/SunOS-sparc_64/stat"/>
        <file crc="587327566" name="bin/nativeexecution/SunOS-sparc_64/unbuffer.so"/>
        <file crc="4216904528" name="bin/nativeexecution/SunOS-x86/privp"/>
        <file crc="416235550" name="bin/nativeexecution/SunOS-x86/process_start"/>
        <file crc="519278294" name="bin/nativeexecution/SunOS-x86/pty"/>
        <file crc="421518107" name="bin/nativeexecution/SunOS-x86/pty_open"/>
        <file crc="1793077003" name="bin/nativeexecution/SunOS-x86/sigqueue"/>
        <file crc="2657351441" name="bin/nativeexecution/SunOS-x86/stat"/>
        <file crc="1487122317" name="bin/nativeexecution/SunOS-x86/unbuffer.so"/>
        <file crc="1974308125" name="bin/nativeexecution/SunOS-x86_64/process_start"/>
        <file crc="1594586442" name="bin/nativeexecution/SunOS-x86_64/pty"/>
        <file crc="867033255" name="bin/nativeexecution/SunOS-x86_64/pty_open"/>
        <file crc="698534868" name="bin/nativeexecution/SunOS-x86_64/sigqueue"/>
        <file crc="3428063497" name="bin/nativeexecution/SunOS-x86_64/stat"/>
        <file crc="3597096606" name="bin/nativeexecution/SunOS-x86_64/unbuffer.so"/>
        <file crc="1673852288" name="bin/nativeexecution/Windows-x86/process_start"/>
        <file crc="1799570464" name="bin/nativeexecution/Windows-x86/pty"/>
        <file crc="2550802642" name="bin/nativeexecution/Windows-x86/pty_open"/>
        <file crc="879382005" name="bin/nativeexecution/Windows-x86/sigqueue"/>
        <file crc="2636697233" name="bin/nativeexecution/Windows-x86/unbuffer.dll"/>
        <file crc="1673852288" name="bin/nativeexecution/Windows-x86_64/process_start"/>
        <file crc="1799570464" name="bin/nativeexecution/Windows-x86_64/pty"/>
        <file crc="2550802642" name="bin/nativeexecution/Windows-x86_64/pty_open"/>
        <file crc="879382005" name="bin/nativeexecution/Windows-x86_64/sigqueue"/>
        <file crc="4276572985" name="bin/nativeexecution/dorun.sh"/>
        <file crc="4206263776" name="bin/nativeexecution/hostinfo.sh"/>
        <file crc="249150406" name="config/Modules/org-netbeans-modules-dlight-nativeexecution.xml"/>
        <file crc="3701558006" name="modules/org-netbeans-modules-dlight-nativeexecution.jar"/>
    </module_version>
</module>
