<?xml version="1.0" encoding="UTF-8"?>
<module codename="org.netbeans.modules.languages/0">
    <module_version install_time="1323093693663" last="true" origin="installer" specification_version="1.105.1.2">
        <file crc="4097652955" name="config/Modules/org-netbeans-modules-languages.xml"/>
        <file crc="4203910626" name="modules/locale/org-netbeans-modules-languages_ja.jar"/>
        <file crc="1206753183" name="modules/locale/org-netbeans-modules-languages_pt_BR.jar"/>
        <file crc="4047589200" name="modules/locale/org-netbeans-modules-languages_ru.jar"/>
        <file crc="334118063" name="modules/locale/org-netbeans-modules-languages_zh_CN.jar"/>
        <file crc="1833777407" name="modules/org-netbeans-modules-languages.jar"/>
    </module_version>
</module>
