<?xml version="1.0" encoding="UTF-8"?>
<module codename="org.netbeans.modules.editor.settings.storage/1">
    <module_version install_time="1323291532221" last="true" origin="installer" specification_version="1.31.1">
        <file crc="417708896" name="config/Modules/org-netbeans-modules-editor-settings-storage.xml"/>
        <file crc="3729632142" name="modules/locale/org-netbeans-modules-editor-settings-storage_ja.jar"/>
        <file crc="1681508" name="modules/locale/org-netbeans-modules-editor-settings-storage_pt_BR.jar"/>
        <file crc="3446635543" name="modules/locale/org-netbeans-modules-editor-settings-storage_ru.jar"/>
        <file crc="3638690389" name="modules/locale/org-netbeans-modules-editor-settings-storage_zh_CN.jar"/>
        <file crc="1228372753" name="modules/org-netbeans-modules-editor-settings-storage.jar"/>
    </module_version>
</module>
