<?xml version="1.0" encoding="UTF-8"?>
<module codename="org.netbeans.modules.editor.lib/3">
    <module_version install_time="1323093488861" last="true" origin="installer" specification_version="3.17.1.19.25">
        <file crc="3017052692" name="config/Modules/org-netbeans-modules-editor-lib.xml"/>
        <file crc="758230021" name="modules/locale/org-netbeans-modules-editor-lib_ja.jar"/>
        <file crc="2112049895" name="modules/locale/org-netbeans-modules-editor-lib_pt_BR.jar"/>
        <file crc="296276582" name="modules/locale/org-netbeans-modules-editor-lib_ru.jar"/>
        <file crc="493023846" name="modules/locale/org-netbeans-modules-editor-lib_zh_CN.jar"/>
        <file crc="2587253526" name="modules/org-netbeans-modules-editor-lib.jar"/>
    </module_version>
</module>
