<?xml version="1.0" encoding="UTF-8"?>
<module codename="org.netbeans.modules.spellchecker.bindings.properties">
    <module_version install_time="1323093591164" last="true" origin="installer" specification_version="1.7.1">
        <file crc="1082921001" name="config/Modules/org-netbeans-modules-spellchecker-bindings-properties.xml"/>
        <file crc="495809998" name="modules/locale/org-netbeans-modules-spellchecker-bindings-properties_ja.jar"/>
        <file crc="3510485577" name="modules/locale/org-netbeans-modules-spellchecker-bindings-properties_pt_BR.jar"/>
        <file crc="2413445366" name="modules/locale/org-netbeans-modules-spellchecker-bindings-properties_ru.jar"/>
        <file crc="4254477687" name="modules/locale/org-netbeans-modules-spellchecker-bindings-properties_zh_CN.jar"/>
        <file crc="588421666" name="modules/org-netbeans-modules-spellchecker-bindings-properties.jar"/>
    </module_version>
</module>
