<?xml version="1.0" encoding="UTF-8"?>
<module codename="org.netbeans.modules.server/0">
    <module_version install_time="1323093517771" last="true" origin="installer" specification_version="1.16.1">
        <file crc="3460152807" name="config/Modules/org-netbeans-modules-server.xml"/>
        <file crc="166452209" name="modules/locale/org-netbeans-modules-server_ja.jar"/>
        <file crc="3475354145" name="modules/locale/org-netbeans-modules-server_pt_BR.jar"/>
        <file crc="2450244358" name="modules/locale/org-netbeans-modules-server_ru.jar"/>
        <file crc="2232091531" name="modules/locale/org-netbeans-modules-server_zh_CN.jar"/>
        <file crc="1400237168" name="modules/org-netbeans-modules-server.jar"/>
    </module_version>
</module>
