<?xml version="1.0" encoding="UTF-8"?>
<module codename="org.netbeans.libs.smack">
    <module_version install_time="1323093598737" last="true" origin="installer" specification_version="3.12.1">
        <file crc="4211211357" name="config/Modules/org-netbeans-libs-smack.xml"/>
        <file crc="207517093" name="modules/ext/smack.jar"/>
        <file crc="1341136359" name="modules/ext/smackx.jar"/>
        <file crc="2543742324" name="modules/locale/org-netbeans-libs-smack_ja.jar"/>
        <file crc="3032534569" name="modules/locale/org-netbeans-libs-smack_pt_BR.jar"/>
        <file crc="1735737326" name="modules/locale/org-netbeans-libs-smack_ru.jar"/>
        <file crc="1975234731" name="modules/locale/org-netbeans-libs-smack_zh_CN.jar"/>
        <file crc="1786515765" name="modules/org-netbeans-libs-smack.jar"/>
    </module_version>
</module>
