<?xml version="1.0" encoding="UTF-8"?>
<module codename="org.netbeans.modules.xml.retriever/1">
    <module_version install_time="1323093551211" last="true" origin="installer" specification_version="1.16.1">
        <file crc="3602039916" name="config/Modules/org-netbeans-modules-xml-retriever.xml"/>
        <file crc="4104468800" name="modules/locale/org-netbeans-modules-xml-retriever_ja.jar"/>
        <file crc="2538432351" name="modules/locale/org-netbeans-modules-xml-retriever_pt_BR.jar"/>
        <file crc="663952980" name="modules/locale/org-netbeans-modules-xml-retriever_ru.jar"/>
        <file crc="1830336943" name="modules/locale/org-netbeans-modules-xml-retriever_zh_CN.jar"/>
        <file crc="219977336" name="modules/org-netbeans-modules-xml-retriever.jar"/>
    </module_version>
</module>
