<?xml version="1.0" encoding="UTF-8"?>
<module codename="org.netbeans.modules.xml.retriever/1">
    <module_version install_time="1323291457870" last="true" origin="installer" specification_version="1.16.1">
        <file crc="3602039916" name="config/Modules/org-netbeans-modules-xml-retriever.xml"/>
        <file crc="2891660831" name="modules/locale/org-netbeans-modules-xml-retriever_ja.jar"/>
        <file crc="4025617262" name="modules/locale/org-netbeans-modules-xml-retriever_pt_BR.jar"/>
        <file crc="1373985861" name="modules/locale/org-netbeans-modules-xml-retriever_ru.jar"/>
        <file crc="982014572" name="modules/locale/org-netbeans-modules-xml-retriever_zh_CN.jar"/>
        <file crc="1786090040" name="modules/org-netbeans-modules-xml-retriever.jar"/>
    </module_version>
</module>
