<?xml version="1.0" encoding="UTF-8"?>
<module codename="org.netbeans.libs.svnClientAdapter.svnkit/1">
    <module_version install_time="1323291581520" last="true" origin="installer" specification_version="1.4.1">
        <file crc="1961354368" name="config/Modules/org-netbeans-libs-svnClientAdapter-svnkit.xml"/>
        <file crc="92467947" name="modules/ext/sqljet-1.0.3.jar"/>
        <file crc="3945828365" name="modules/ext/svnClientAdapter-svnkit-1.6.13.jar"/>
        <file crc="4182782642" name="modules/ext/svnkit-1.3.4.jar"/>
        <file crc="156218608" name="modules/ext/svnkit-javahl.jar"/>
        <file crc="598436238" name="modules/ext/trilead.jar"/>
        <file crc="20824996" name="modules/locale/org-netbeans-libs-svnClientAdapter-svnkit_ja.jar"/>
        <file crc="1187362455" name="modules/locale/org-netbeans-libs-svnClientAdapter-svnkit_pt_BR.jar"/>
        <file crc="3415693987" name="modules/locale/org-netbeans-libs-svnClientAdapter-svnkit_ru.jar"/>
        <file crc="376926476" name="modules/locale/org-netbeans-libs-svnClientAdapter-svnkit_zh_CN.jar"/>
        <file crc="1864962378" name="modules/org-netbeans-libs-svnClientAdapter-svnkit.jar"/>
    </module_version>
</module>
