<?xml version="1.0" encoding="UTF-8"?>
<module codename="org.netbeans.modules.xml.text/2">
    <module_version install_time="1323291540994" last="true" origin="installer" specification_version="1.31.1">
        <file crc="3296438315" name="config/Modules/org-netbeans-modules-xml-text.xml"/>
        <file crc="839550506" name="modules/locale/org-netbeans-modules-xml-text_ja.jar"/>
        <file crc="3183220032" name="modules/locale/org-netbeans-modules-xml-text_pt_BR.jar"/>
        <file crc="191970869" name="modules/locale/org-netbeans-modules-xml-text_ru.jar"/>
        <file crc="2514912159" name="modules/locale/org-netbeans-modules-xml-text_zh_CN.jar"/>
        <file crc="631919735" name="modules/org-netbeans-modules-xml-text.jar"/>
    </module_version>
</module>
