<?xml version="1.0" encoding="UTF-8"?>
<module codename="org.netbeans.modules.hudson.tasklist">
    <module_version install_time="1323291468178" last="true" origin="installer" specification_version="1.1.1">
        <file crc="3995101366" name="config/Modules/org-netbeans-modules-hudson-tasklist.xml"/>
        <file crc="26029916" name="modules/locale/org-netbeans-modules-hudson-tasklist_ja.jar"/>
        <file crc="253326580" name="modules/locale/org-netbeans-modules-hudson-tasklist_pt_BR.jar"/>
        <file crc="845681689" name="modules/locale/org-netbeans-modules-hudson-tasklist_ru.jar"/>
        <file crc="2046837143" name="modules/locale/org-netbeans-modules-hudson-tasklist_zh_CN.jar"/>
        <file crc="2769680973" name="modules/org-netbeans-modules-hudson-tasklist.jar"/>
    </module_version>
</module>
