<?xml version="1.0" encoding="UTF-8"?>
<module codename="org.netbeans.modules.editor.lib/3">
    <module_version install_time="1323291395355" last="true" origin="installer" specification_version="3.17.1.19.25">
        <file crc="3017052692" name="config/Modules/org-netbeans-modules-editor-lib.xml"/>
        <file crc="4289856811" name="modules/locale/org-netbeans-modules-editor-lib_ja.jar"/>
        <file crc="1719995319" name="modules/locale/org-netbeans-modules-editor-lib_pt_BR.jar"/>
        <file crc="1103377937" name="modules/locale/org-netbeans-modules-editor-lib_ru.jar"/>
        <file crc="2401684976" name="modules/locale/org-netbeans-modules-editor-lib_zh_CN.jar"/>
        <file crc="2169229955" name="modules/org-netbeans-modules-editor-lib.jar"/>
    </module_version>
</module>
