<?xml version="1.0" encoding="UTF-8"?>
<module codename="org.netbeans.modules.xml.multiview/1">
    <module_version install_time="1323093635496" last="true" origin="installer" specification_version="1.22.1.2">
        <file crc="3843291236" name="config/Modules/org-netbeans-modules-xml-multiview.xml"/>
        <file crc="2048031077" name="modules/locale/org-netbeans-modules-xml-multiview_ja.jar"/>
        <file crc="2014944784" name="modules/locale/org-netbeans-modules-xml-multiview_pt_BR.jar"/>
        <file crc="1019755258" name="modules/locale/org-netbeans-modules-xml-multiview_ru.jar"/>
        <file crc="3185412832" name="modules/locale/org-netbeans-modules-xml-multiview_zh_CN.jar"/>
        <file crc="4142596434" name="modules/org-netbeans-modules-xml-multiview.jar"/>
    </module_version>
</module>
