<?xml version="1.0" encoding="UTF-8"?>
<module codename="org.netbeans.modules.projectui">
    <module_version install_time="1323291475466" last="true" origin="installer" specification_version="1.30.1.8">
        <file crc="160952363" name="config/Modules/org-netbeans-modules-projectui.xml"/>
        <file crc="2281393130" name="modules/locale/org-netbeans-modules-projectui_ja.jar"/>
        <file crc="2742628637" name="modules/locale/org-netbeans-modules-projectui_pt_BR.jar"/>
        <file crc="2235781614" name="modules/locale/org-netbeans-modules-projectui_ru.jar"/>
        <file crc="2742160052" name="modules/locale/org-netbeans-modules-projectui_zh_CN.jar"/>
        <file crc="4163021831" name="modules/org-netbeans-modules-projectui.jar"/>
    </module_version>
</module>
