<?xml version="1.0" encoding="UTF-8"?>
<module codename="org.netbeans.libs.svnClientAdapter.javahl/1">
    <module_version install_time="1323291399752" last="true" origin="installer" specification_version="1.5.1">
        <file crc="830263214" name="config/Modules/org-netbeans-libs-svnClientAdapter-javahl.xml"/>
        <file crc="3137541387" name="modules/ext/svnClientAdapter-javahl-1.6.13.jar"/>
        <file crc="2373278544" name="modules/ext/svnjavahl-1.6.0.jar"/>
        <file crc="3410038496" name="modules/locale/org-netbeans-libs-svnClientAdapter-javahl_ja.jar"/>
        <file crc="464316728" name="modules/locale/org-netbeans-libs-svnClientAdapter-javahl_pt_BR.jar"/>
        <file crc="758520647" name="modules/locale/org-netbeans-libs-svnClientAdapter-javahl_ru.jar"/>
        <file crc="1819866307" name="modules/locale/org-netbeans-libs-svnClientAdapter-javahl_zh_CN.jar"/>
        <file crc="2507196828" name="modules/org-netbeans-libs-svnClientAdapter-javahl.jar"/>
    </module_version>
</module>
