<?xml version="1.0" encoding="UTF-8"?>
<module codename="org.netbeans.modules.spellchecker.dictionary_en">
    <module_version install_time="1323291460874" last="true" origin="installer" specification_version="1.8.1">
        <file crc="3063149510" name="config/Modules/org-netbeans-modules-spellchecker-dictionary_en.xml"/>
        <file crc="4008159952" name="modules/locale/org-netbeans-modules-spellchecker-dictionary_en_ja.jar"/>
        <file crc="1031060463" name="modules/locale/org-netbeans-modules-spellchecker-dictionary_en_pt_BR.jar"/>
        <file crc="1323373063" name="modules/locale/org-netbeans-modules-spellchecker-dictionary_en_ru.jar"/>
        <file crc="2039302648" name="modules/locale/org-netbeans-modules-spellchecker-dictionary_en_zh_CN.jar"/>
        <file crc="2610270103" name="modules/org-netbeans-modules-spellchecker-dictionary_en.jar"/>
    </module_version>
</module>
