<?xml version="1.0" encoding="UTF-8"?>
<module codename="org.netbeans.libs.bytelist/1">
    <module_version install_time="1323093692145" last="true" origin="installer" specification_version="0.13.1.1">
        <file crc="3551089273" name="config/Modules/org-netbeans-libs-bytelist.xml"/>
        <file crc="3757890221" name="modules/ext/bytelist-0.1.jar"/>
        <file crc="1489802481" name="modules/locale/org-netbeans-libs-bytelist_ja.jar"/>
        <file crc="2961641054" name="modules/locale/org-netbeans-libs-bytelist_pt_BR.jar"/>
        <file crc="2155100102" name="modules/locale/org-netbeans-libs-bytelist_ru.jar"/>
        <file crc="965360943" name="modules/locale/org-netbeans-libs-bytelist_zh_CN.jar"/>
        <file crc="1945051763" name="modules/org-netbeans-libs-bytelist.jar"/>
    </module_version>
</module>
