<?xml version="1.0" encoding="UTF-8"?>
<module codename="org.netbeans.modules.mercurial">
    <module_version install_time="1323093527953" last="true" origin="installer" specification_version="1.21.2.42.1">
        <file crc="2345571929" name="config/Modules/org-netbeans-modules-mercurial.xml"/>
        <file crc="1776493780" name="modules/docs/org-netbeans-modules-mercurial.jar"/>
        <file crc="3632328009" name="modules/locale/org-netbeans-modules-mercurial_ja.jar"/>
        <file crc="1865929900" name="modules/locale/org-netbeans-modules-mercurial_pt_BR.jar"/>
        <file crc="2714362845" name="modules/locale/org-netbeans-modules-mercurial_ru.jar"/>
        <file crc="3723564947" name="modules/locale/org-netbeans-modules-mercurial_zh_CN.jar"/>
        <file crc="1796617607" name="modules/org-netbeans-modules-mercurial.jar"/>
    </module_version>
</module>
