<?xml version="1.0" encoding="UTF-8"?>
<module codename="org.netbeans.spi.editor.hints/0">
    <module_version install_time="1323291371922" last="true" origin="installer" specification_version="1.20.1.7.25">
        <file crc="2723969626" name="config/Modules/org-netbeans-spi-editor-hints.xml"/>
        <file crc="1256843809" name="modules/locale/org-netbeans-spi-editor-hints_ja.jar"/>
        <file crc="4216721567" name="modules/locale/org-netbeans-spi-editor-hints_pt_BR.jar"/>
        <file crc="2677163206" name="modules/locale/org-netbeans-spi-editor-hints_ru.jar"/>
        <file crc="1527805684" name="modules/locale/org-netbeans-spi-editor-hints_zh_CN.jar"/>
        <file crc="3931966558" name="modules/org-netbeans-spi-editor-hints.jar"/>
    </module_version>
</module>
