<?xml version="1.0" encoding="UTF-8"?>
<module codename="org.netbeans.modules.xml.jaxb.api/1">
    <module_version install_time="1323291459359" last="true" origin="installer" specification_version="1.10.1">
        <file crc="3368585658" name="config/Modules/org-netbeans-modules-xml-jaxb-api.xml"/>
        <file crc="1965498472" name="modules/ext/jaxb/activation.jar"/>
        <file crc="1024511614" name="modules/ext/jaxb/api/jaxb-api.jar"/>
        <file crc="4273295270" name="modules/ext/jaxb/api/jsr173_api.jar"/>
        <file crc="484470257" name="modules/locale/org-netbeans-modules-xml-jaxb-api_ja.jar"/>
        <file crc="2869656953" name="modules/locale/org-netbeans-modules-xml-jaxb-api_pt_BR.jar"/>
        <file crc="2310647135" name="modules/locale/org-netbeans-modules-xml-jaxb-api_ru.jar"/>
        <file crc="3134732035" name="modules/locale/org-netbeans-modules-xml-jaxb-api_zh_CN.jar"/>
        <file crc="2082410110" name="modules/org-netbeans-modules-xml-jaxb-api.jar"/>
    </module_version>
</module>
