<?xml version="1.0" encoding="UTF-8"?>
<module codename="org.netbeans.modules.git">
    <module_version install_time="1323291456467" last="true" origin="installer" specification_version="1.1.1.1">
        <file crc="3921126311" name="config/Modules/org-netbeans-modules-git.xml"/>
        <file crc="4268810599" name="modules/docs/org-netbeans-modules-git.jar"/>
        <file crc="449156670" name="modules/locale/org-netbeans-modules-git_ja.jar"/>
        <file crc="3142238103" name="modules/locale/org-netbeans-modules-git_pt_BR.jar"/>
        <file crc="2946760089" name="modules/locale/org-netbeans-modules-git_ru.jar"/>
        <file crc="614714473" name="modules/locale/org-netbeans-modules-git_zh_CN.jar"/>
        <file crc="4031487404" name="modules/org-netbeans-modules-git.jar"/>
    </module_version>
</module>
