<?xml version="1.0" encoding="UTF-8"?>
<module codename="org.netbeans.modules.xml">
    <module_version install_time="1323093503329" last="true" origin="installer" specification_version="1.15.1">
        <file crc="4280234301" name="config/Modules/org-netbeans-modules-xml.xml"/>
        <file crc="224707898" name="modules/locale/org-netbeans-modules-xml_ja.jar"/>
        <file crc="753446421" name="modules/locale/org-netbeans-modules-xml_pt_BR.jar"/>
        <file crc="2756226956" name="modules/locale/org-netbeans-modules-xml_ru.jar"/>
        <file crc="3475418413" name="modules/locale/org-netbeans-modules-xml_zh_CN.jar"/>
        <file crc="433083823" name="modules/org-netbeans-modules-xml.jar"/>
    </module_version>
</module>
