<?xml version="1.0" encoding="UTF-8"?>
<module codename="org.netbeans.modules.schema2beans/1">
    <module_version install_time="1323093490359" last="true" origin="installer" specification_version="1.31.1">
        <file crc="3280133545" name="config/Modules/org-netbeans-modules-schema2beans.xml"/>
        <file crc="501864804" name="modules/locale/org-netbeans-modules-schema2beans_ja.jar"/>
        <file crc="420576924" name="modules/locale/org-netbeans-modules-schema2beans_pt_BR.jar"/>
        <file crc="1223161017" name="modules/locale/org-netbeans-modules-schema2beans_ru.jar"/>
        <file crc="695558465" name="modules/locale/org-netbeans-modules-schema2beans_zh_CN.jar"/>
        <file crc="2729217868" name="modules/org-netbeans-modules-schema2beans.jar"/>
    </module_version>
</module>
