<?xml version="1.0" encoding="UTF-8"?>
<module codename="org.netbeans.modules.editor.kit">
    <module_version install_time="1323291610397" last="true" origin="installer" specification_version="1.15.1">
        <file crc="1726315458" name="config/Modules/org-netbeans-modules-editor-kit.xml"/>
        <file crc="2765033581" name="modules/locale/org-netbeans-modules-editor-kit_ja.jar"/>
        <file crc="2112702463" name="modules/locale/org-netbeans-modules-editor-kit_pt_BR.jar"/>
        <file crc="1357240720" name="modules/locale/org-netbeans-modules-editor-kit_ru.jar"/>
        <file crc="3962610011" name="modules/locale/org-netbeans-modules-editor-kit_zh_CN.jar"/>
        <file crc="3579596884" name="modules/org-netbeans-modules-editor-kit.jar"/>
    </module_version>
</module>
