<?xml version="1.0" encoding="UTF-8"?>
<module codename="org.netbeans.modules.editor.structure/1">
    <module_version install_time="1323291552053" last="true" origin="installer" specification_version="1.31.1.1">
        <file crc="215816205" name="config/Modules/org-netbeans-modules-editor-structure.xml"/>
        <file crc="4153939115" name="modules/locale/org-netbeans-modules-editor-structure_ja.jar"/>
        <file crc="1042563876" name="modules/locale/org-netbeans-modules-editor-structure_pt_BR.jar"/>
        <file crc="59745114" name="modules/locale/org-netbeans-modules-editor-structure_ru.jar"/>
        <file crc="1821861915" name="modules/locale/org-netbeans-modules-editor-structure_zh_CN.jar"/>
        <file crc="3859635446" name="modules/org-netbeans-modules-editor-structure.jar"/>
    </module_version>
</module>
