<?xml version="1.0" encoding="UTF-8"?>
<module codename="org.netbeans.modules.xml.axi">
    <module_version install_time="1323291370519" last="true" origin="installer" specification_version="1.16.1">
        <file crc="807763827" name="config/Modules/org-netbeans-modules-xml-axi.xml"/>
        <file crc="3577643342" name="modules/locale/org-netbeans-modules-xml-axi_ja.jar"/>
        <file crc="1231022182" name="modules/locale/org-netbeans-modules-xml-axi_pt_BR.jar"/>
        <file crc="262205443" name="modules/locale/org-netbeans-modules-xml-axi_ru.jar"/>
        <file crc="1252268186" name="modules/locale/org-netbeans-modules-xml-axi_zh_CN.jar"/>
        <file crc="3855143471" name="modules/org-netbeans-modules-xml-axi.jar"/>
    </module_version>
</module>
