<?xml version="1.0" encoding="UTF-8"?>
<module codename="org.netbeans.modules.spellchecker">
    <module_version install_time="1323093689200" last="true" origin="installer" specification_version="1.19.1.1.7">
        <file crc="3457150688" name="config/Modules/org-netbeans-modules-spellchecker.xml"/>
        <file crc="428045970" name="modules/locale/org-netbeans-modules-spellchecker_ja.jar"/>
        <file crc="2104817693" name="modules/locale/org-netbeans-modules-spellchecker_pt_BR.jar"/>
        <file crc="1584595744" name="modules/locale/org-netbeans-modules-spellchecker_ru.jar"/>
        <file crc="1583477238" name="modules/locale/org-netbeans-modules-spellchecker_zh_CN.jar"/>
        <file crc="3223930570" name="modules/org-netbeans-modules-spellchecker.jar"/>
    </module_version>
</module>
