<?xml version="1.0" encoding="UTF-8"?>
<module codename="org.netbeans.modules.xml.text/2">
    <module_version install_time="1323093634096" last="true" origin="installer" specification_version="1.31.1">
        <file crc="3296438315" name="config/Modules/org-netbeans-modules-xml-text.xml"/>
        <file crc="3775569025" name="modules/locale/org-netbeans-modules-xml-text_ja.jar"/>
        <file crc="3027990618" name="modules/locale/org-netbeans-modules-xml-text_pt_BR.jar"/>
        <file crc="1495839387" name="modules/locale/org-netbeans-modules-xml-text_ru.jar"/>
        <file crc="1705218975" name="modules/locale/org-netbeans-modules-xml-text_zh_CN.jar"/>
        <file crc="1514776927" name="modules/org-netbeans-modules-xml-text.jar"/>
    </module_version>
</module>
