<?xml version="1.0" encoding="UTF-8"?>
<module codename="org.netbeans.spi.palette/1">
    <module_version install_time="1323093648178" last="true" origin="installer" specification_version="1.29.1">
        <file crc="643103640" name="config/Modules/org-netbeans-spi-palette.xml"/>
        <file crc="1348623728" name="modules/locale/org-netbeans-spi-palette_ja.jar"/>
        <file crc="4145377341" name="modules/locale/org-netbeans-spi-palette_pt_BR.jar"/>
        <file crc="1988786957" name="modules/locale/org-netbeans-spi-palette_ru.jar"/>
        <file crc="2050814278" name="modules/locale/org-netbeans-spi-palette_zh_CN.jar"/>
        <file crc="1417366236" name="modules/org-netbeans-spi-palette.jar"/>
    </module_version>
</module>
