<?xml version="1.0" encoding="UTF-8"?>
<module codename="org.netbeans.modules.parsing.lucene/2">
    <module_version install_time="1323291503908" last="true" origin="installer" specification_version="2.5.1">
        <file crc="3780388565" name="config/Modules/org-netbeans-modules-parsing-lucene.xml"/>
        <file crc="2767902541" name="modules/locale/org-netbeans-modules-parsing-lucene_ja.jar"/>
        <file crc="1732141457" name="modules/locale/org-netbeans-modules-parsing-lucene_pt_BR.jar"/>
        <file crc="3452430907" name="modules/locale/org-netbeans-modules-parsing-lucene_ru.jar"/>
        <file crc="2869748329" name="modules/locale/org-netbeans-modules-parsing-lucene_zh_CN.jar"/>
        <file crc="1362045106" name="modules/org-netbeans-modules-parsing-lucene.jar"/>
    </module_version>
</module>
