<?xml version="1.0" encoding="UTF-8"?>
<module codename="org.netbeans.modules.html.lexer/1">
    <module_version install_time="1323093603279" last="true" origin="installer" specification_version="1.15.1">
        <file crc="509460702" name="config/Modules/org-netbeans-modules-html-lexer.xml"/>
        <file crc="3759663657" name="modules/locale/org-netbeans-modules-html-lexer_ja.jar"/>
        <file crc="3588745805" name="modules/locale/org-netbeans-modules-html-lexer_pt_BR.jar"/>
        <file crc="4083507574" name="modules/locale/org-netbeans-modules-html-lexer_ru.jar"/>
        <file crc="4095136740" name="modules/locale/org-netbeans-modules-html-lexer_zh_CN.jar"/>
        <file crc="1316807492" name="modules/org-netbeans-modules-html-lexer.jar"/>
    </module_version>
</module>
