<?xml version="1.0" encoding="UTF-8"?>
<module codename="org.netbeans.modules.servletapi/1">
    <module_version install_time="1323291576538" last="true" origin="installer" specification_version="1.25.1">
        <file crc="3516286118" name="config/Modules/org-netbeans-modules-servletapi.xml"/>
        <file crc="2746932137" name="modules/ext/servlet-2.2.jar"/>
        <file crc="1338455574" name="modules/locale/org-netbeans-modules-servletapi_ja.jar"/>
        <file crc="4092661952" name="modules/locale/org-netbeans-modules-servletapi_pt_BR.jar"/>
        <file crc="980539944" name="modules/locale/org-netbeans-modules-servletapi_ru.jar"/>
        <file crc="3815407799" name="modules/locale/org-netbeans-modules-servletapi_zh_CN.jar"/>
        <file crc="2991354477" name="modules/org-netbeans-modules-servletapi.jar"/>
    </module_version>
</module>
