<?xml version="1.0" encoding="UTF-8"?>
<module codename="org.netbeans.modules.dbapi">
    <module_version install_time="1323093606196" last="true" origin="installer" specification_version="1.19.1.30">
        <file crc="3641521545" name="config/Modules/org-netbeans-modules-dbapi.xml"/>
        <file crc="208682057" name="modules/locale/org-netbeans-modules-dbapi_ja.jar"/>
        <file crc="2570161014" name="modules/locale/org-netbeans-modules-dbapi_pt_BR.jar"/>
        <file crc="1526905891" name="modules/locale/org-netbeans-modules-dbapi_ru.jar"/>
        <file crc="3693148687" name="modules/locale/org-netbeans-modules-dbapi_zh_CN.jar"/>
        <file crc="1777017985" name="modules/org-netbeans-modules-dbapi.jar"/>
    </module_version>
</module>
