<?xml version="1.0" encoding="UTF-8"?>
<module codename="org.netbeans.modules.tasklist.todo/1">
    <module_version install_time="1323093573184" last="true" origin="installer" specification_version="1.15.1.1">
        <file crc="496296242" name="config/Modules/org-netbeans-modules-tasklist-todo.xml"/>
        <file crc="355389858" name="modules/locale/org-netbeans-modules-tasklist-todo_ja.jar"/>
        <file crc="153242252" name="modules/locale/org-netbeans-modules-tasklist-todo_pt_BR.jar"/>
        <file crc="220086027" name="modules/locale/org-netbeans-modules-tasklist-todo_ru.jar"/>
        <file crc="321607287" name="modules/locale/org-netbeans-modules-tasklist-todo_zh_CN.jar"/>
        <file crc="685112691" name="modules/org-netbeans-modules-tasklist-todo.jar"/>
    </module_version>
</module>
