<?xml version="1.0" encoding="UTF-8"?>
<module codename="org.netbeans.modules.editor.errorstripe.api/1">
    <module_version install_time="1323291408428" last="true" origin="installer" specification_version="2.18.1.1">
        <file crc="437455388" name="config/Modules/org-netbeans-modules-editor-errorstripe-api.xml"/>
        <file crc="959773532" name="modules/locale/org-netbeans-modules-editor-errorstripe-api_ja.jar"/>
        <file crc="240321045" name="modules/locale/org-netbeans-modules-editor-errorstripe-api_pt_BR.jar"/>
        <file crc="2707417416" name="modules/locale/org-netbeans-modules-editor-errorstripe-api_ru.jar"/>
        <file crc="1084519959" name="modules/locale/org-netbeans-modules-editor-errorstripe-api_zh_CN.jar"/>
        <file crc="1053063659" name="modules/org-netbeans-modules-editor-errorstripe-api.jar"/>
    </module_version>
</module>
