<?xml version="1.0" encoding="UTF-8"?>
<module codename="org.netbeans.modules.projectuiapi/1">
    <module_version install_time="1323093701094" last="true" origin="installer" specification_version="1.53.1.8">
        <file crc="1443847563" name="config/Modules/org-netbeans-modules-projectuiapi.xml"/>
        <file crc="1584960356" name="modules/locale/org-netbeans-modules-projectuiapi_ja.jar"/>
        <file crc="3883166042" name="modules/locale/org-netbeans-modules-projectuiapi_pt_BR.jar"/>
        <file crc="1471770167" name="modules/locale/org-netbeans-modules-projectuiapi_ru.jar"/>
        <file crc="547262533" name="modules/locale/org-netbeans-modules-projectuiapi_zh_CN.jar"/>
        <file crc="3663449178" name="modules/org-netbeans-modules-projectuiapi.jar"/>
    </module_version>
</module>
