<?xml version="1.0" encoding="UTF-8"?>
<module codename="org.netbeans.modules.parsing.api/1">
    <module_version install_time="1323093586783" last="true" origin="installer" specification_version="1.48.1.6">
        <file crc="3233347998" name="config/Modules/org-netbeans-modules-parsing-api.xml"/>
        <file crc="1388696523" name="modules/locale/org-netbeans-modules-parsing-api_ja.jar"/>
        <file crc="2996253267" name="modules/locale/org-netbeans-modules-parsing-api_pt_BR.jar"/>
        <file crc="1226154948" name="modules/locale/org-netbeans-modules-parsing-api_ru.jar"/>
        <file crc="4026948972" name="modules/locale/org-netbeans-modules-parsing-api_zh_CN.jar"/>
        <file crc="1699450167" name="modules/org-netbeans-modules-parsing-api.jar"/>
    </module_version>
</module>
