<?xml version="1.0" encoding="UTF-8"?>
<module codename="org.netbeans.modules.db.mysql">
    <module_version install_time="1323093506352" last="true" origin="installer" specification_version="0.13.1.2">
        <file crc="934439921" name="config/Modules/org-netbeans-modules-db-mysql.xml"/>
        <file crc="2138681502" name="modules/locale/org-netbeans-modules-db-mysql_ja.jar"/>
        <file crc="964192453" name="modules/locale/org-netbeans-modules-db-mysql_pt_BR.jar"/>
        <file crc="3270664396" name="modules/locale/org-netbeans-modules-db-mysql_ru.jar"/>
        <file crc="4034910420" name="modules/locale/org-netbeans-modules-db-mysql_zh_CN.jar"/>
        <file crc="770401098" name="modules/org-netbeans-modules-db-mysql.jar"/>
    </module_version>
</module>
