<?xml version="1.0" encoding="UTF-8"?>
<module codename="org.netbeans.modules.xml.catalog/2">
    <module_version install_time="1323093539366" last="true" origin="installer" specification_version="1.26.1.4">
        <file crc="4257896318" name="config/Modules/org-netbeans-modules-xml-catalog.xml"/>
        <file crc="1659667269" name="modules/locale/org-netbeans-modules-xml-catalog_ja.jar"/>
        <file crc="3809250796" name="modules/locale/org-netbeans-modules-xml-catalog_pt_BR.jar"/>
        <file crc="2799899396" name="modules/locale/org-netbeans-modules-xml-catalog_ru.jar"/>
        <file crc="3316098363" name="modules/locale/org-netbeans-modules-xml-catalog_zh_CN.jar"/>
        <file crc="855134876" name="modules/org-netbeans-modules-xml-catalog.jar"/>
    </module_version>
</module>
