<?xml version="1.0" encoding="UTF-8"?>
<module codename="org.netbeans.modules.editor.indent/2">
    <module_version install_time="1323093529376" last="true" origin="installer" specification_version="1.26.1">
        <file crc="915460559" name="config/Modules/org-netbeans-modules-editor-indent.xml"/>
        <file crc="1326128958" name="modules/locale/org-netbeans-modules-editor-indent_ja.jar"/>
        <file crc="1832113896" name="modules/locale/org-netbeans-modules-editor-indent_pt_BR.jar"/>
        <file crc="4258323656" name="modules/locale/org-netbeans-modules-editor-indent_ru.jar"/>
        <file crc="4179226561" name="modules/locale/org-netbeans-modules-editor-indent_zh_CN.jar"/>
        <file crc="4009430609" name="modules/org-netbeans-modules-editor-indent.jar"/>
    </module_version>
</module>
