<?xml version="1.0" encoding="UTF-8"?>
<module codename="org.netbeans.swing.dirchooser">
    <module_version install_time="1323291377772" last="true" origin="installer" specification_version="1.14.1">
        <file crc="1723700341" name="config/Modules/org-netbeans-swing-dirchooser.xml"/>
        <file crc="811313052" name="modules/locale/org-netbeans-swing-dirchooser_ja.jar"/>
        <file crc="2005151750" name="modules/locale/org-netbeans-swing-dirchooser_pt_BR.jar"/>
        <file crc="2142659667" name="modules/locale/org-netbeans-swing-dirchooser_ru.jar"/>
        <file crc="1578648509" name="modules/locale/org-netbeans-swing-dirchooser_zh_CN.jar"/>
        <file crc="2159008382" name="modules/org-netbeans-swing-dirchooser.jar"/>
    </module_version>
</module>
