<?xml version="1.0" encoding="UTF-8"?>
<module codename="org.netbeans.modules.db.sql.visualeditor/1">
    <module_version install_time="1323093546648" last="true" origin="installer" specification_version="2.15.1.30">
        <file crc="2560499692" name="config/Modules/org-netbeans-modules-db-sql-visualeditor.xml"/>
        <file crc="1758809395" name="modules/locale/org-netbeans-modules-db-sql-visualeditor_ja.jar"/>
        <file crc="1342385838" name="modules/locale/org-netbeans-modules-db-sql-visualeditor_pt_BR.jar"/>
        <file crc="2217514089" name="modules/locale/org-netbeans-modules-db-sql-visualeditor_ru.jar"/>
        <file crc="209899378" name="modules/locale/org-netbeans-modules-db-sql-visualeditor_zh_CN.jar"/>
        <file crc="1340556645" name="modules/org-netbeans-modules-db-sql-visualeditor.jar"/>
    </module_version>
</module>
