<?xml version="1.0" encoding="UTF-8"?>
<module codename="org.netbeans.modules.projectapi/1">
    <module_version install_time="1323291567838" last="true" origin="installer" specification_version="1.40.1">
        <file crc="1088517943" name="config/Modules/org-netbeans-modules-projectapi.xml"/>
        <file crc="1294998485" name="modules/locale/org-netbeans-modules-projectapi_ja.jar"/>
        <file crc="2552861021" name="modules/locale/org-netbeans-modules-projectapi_pt_BR.jar"/>
        <file crc="457153838" name="modules/locale/org-netbeans-modules-projectapi_ru.jar"/>
        <file crc="3330034856" name="modules/locale/org-netbeans-modules-projectapi_zh_CN.jar"/>
        <file crc="2672702299" name="modules/org-netbeans-modules-projectapi.jar"/>
    </module_version>
</module>
