<?xml version="1.0" encoding="UTF-8"?>
<module codename="org.netbeans.modules.tasklist.kit">
    <module_version install_time="1323291560703" last="true" origin="installer" specification_version="1.14.1">
        <file crc="4190722416" name="config/Modules/org-netbeans-modules-tasklist-kit.xml"/>
        <file crc="1530834420" name="modules/locale/org-netbeans-modules-tasklist-kit_ja.jar"/>
        <file crc="2305764708" name="modules/locale/org-netbeans-modules-tasklist-kit_pt_BR.jar"/>
        <file crc="31227485" name="modules/locale/org-netbeans-modules-tasklist-kit_ru.jar"/>
        <file crc="1892944465" name="modules/locale/org-netbeans-modules-tasklist-kit_zh_CN.jar"/>
        <file crc="827241089" name="modules/org-netbeans-modules-tasklist-kit.jar"/>
    </module_version>
</module>
