<?xml version="1.0" encoding="UTF-8"?>
<module codename="org.netbeans.modules.target.iterator/1">
    <module_version install_time="1323093491759" last="true" origin="installer" specification_version="1.8.1">
        <file crc="4049777741" name="config/Modules/org-netbeans-modules-target-iterator.xml"/>
        <file crc="1199057979" name="modules/locale/org-netbeans-modules-target-iterator_ja.jar"/>
        <file crc="2413576618" name="modules/locale/org-netbeans-modules-target-iterator_pt_BR.jar"/>
        <file crc="2084149992" name="modules/locale/org-netbeans-modules-target-iterator_ru.jar"/>
        <file crc="1909049690" name="modules/locale/org-netbeans-modules-target-iterator_zh_CN.jar"/>
        <file crc="1842277973" name="modules/org-netbeans-modules-target-iterator.jar"/>
    </module_version>
</module>
