<?xml version="1.0" encoding="UTF-8"?>
<module codename="org.netbeans.libs.git/1">
    <module_version install_time="1323093526357" last="true" origin="installer" specification_version="0.4.1">
        <file crc="4214212944" name="config/Modules/org-netbeans-libs-git.xml"/>
        <file crc="1467806656" name="modules/locale/org-netbeans-libs-git_ja.jar"/>
        <file crc="3788359452" name="modules/locale/org-netbeans-libs-git_pt_BR.jar"/>
        <file crc="2306046892" name="modules/locale/org-netbeans-libs-git_ru.jar"/>
        <file crc="877168003" name="modules/locale/org-netbeans-libs-git_zh_CN.jar"/>
        <file crc="3819712482" name="modules/org-netbeans-libs-git.jar"/>
    </module_version>
</module>
