<?xml version="1.0" encoding="UTF-8"?>
<module codename="org.netbeans.modules.bugtracking">
    <module_version install_time="1323291597486" last="true" origin="installer" specification_version="1.17.1">
        <file crc="3527920300" name="config/Modules/org-netbeans-modules-bugtracking.xml"/>
        <file crc="1413980635" name="modules/locale/org-netbeans-modules-bugtracking_ja.jar"/>
        <file crc="3727020688" name="modules/locale/org-netbeans-modules-bugtracking_pt_BR.jar"/>
        <file crc="3559981987" name="modules/locale/org-netbeans-modules-bugtracking_ru.jar"/>
        <file crc="171641880" name="modules/locale/org-netbeans-modules-bugtracking_zh_CN.jar"/>
        <file crc="1763432661" name="modules/org-netbeans-modules-bugtracking.jar"/>
    </module_version>
</module>
