<?xml version="1.0" encoding="UTF-8"?>
<module codename="org.netbeans.modules.dlight.terminal">
    <module_version install_time="1323291517190" last="true" origin="installer" specification_version="1.8.1.1">
        <file crc="2542683547" name="config/Modules/org-netbeans-modules-dlight-terminal.xml"/>
        <file crc="2490515655" name="modules/locale/org-netbeans-modules-dlight-terminal_ja.jar"/>
        <file crc="3759657590" name="modules/locale/org-netbeans-modules-dlight-terminal_pt_BR.jar"/>
        <file crc="1543825272" name="modules/locale/org-netbeans-modules-dlight-terminal_ru.jar"/>
        <file crc="2992874350" name="modules/locale/org-netbeans-modules-dlight-terminal_zh_CN.jar"/>
        <file crc="1691053733" name="modules/org-netbeans-modules-dlight-terminal.jar"/>
    </module_version>
</module>
