<?xml version="1.0" encoding="UTF-8"?>
<module codename="org.netbeans.modules.db.sql.editor">
    <module_version install_time="1323291626356" last="true" origin="installer" specification_version="1.21.1.30">
        <file crc="512497951" name="config/Modules/org-netbeans-modules-db-sql-editor.xml"/>
        <file crc="278954101" name="modules/locale/org-netbeans-modules-db-sql-editor_ja.jar"/>
        <file crc="1050319457" name="modules/locale/org-netbeans-modules-db-sql-editor_pt_BR.jar"/>
        <file crc="1271245877" name="modules/locale/org-netbeans-modules-db-sql-editor_ru.jar"/>
        <file crc="2744824743" name="modules/locale/org-netbeans-modules-db-sql-editor_zh_CN.jar"/>
        <file crc="1406012698" name="modules/org-netbeans-modules-db-sql-editor.jar"/>
    </module_version>
</module>
