<?xml version="1.0" encoding="UTF-8"?>
<module codename="org.netbeans.modules.languages.yaml">
    <module_version install_time="1323291591568" last="true" origin="installer" specification_version="2.16.1">
        <file crc="1110107827" name="config/Modules/org-netbeans-modules-languages-yaml.xml"/>
        <file crc="3672531451" name="modules/locale/org-netbeans-modules-languages-yaml_ja.jar"/>
        <file crc="1979596884" name="modules/locale/org-netbeans-modules-languages-yaml_pt_BR.jar"/>
        <file crc="726850799" name="modules/locale/org-netbeans-modules-languages-yaml_ru.jar"/>
        <file crc="498066834" name="modules/locale/org-netbeans-modules-languages-yaml_zh_CN.jar"/>
        <file crc="3459756145" name="modules/org-netbeans-modules-languages-yaml.jar"/>
    </module_version>
</module>
