<?xml version="1.0" encoding="UTF-8"?>
<module codename="org.netbeans.modules.versioning.util">
    <module_version install_time="1323093705365" last="true" origin="installer" specification_version="1.17.5.42.1">
        <file crc="3825279354" name="config/Modules/org-netbeans-modules-versioning-util.xml"/>
        <file crc="2707238837" name="modules/locale/org-netbeans-modules-versioning-util_ja.jar"/>
        <file crc="3760091377" name="modules/locale/org-netbeans-modules-versioning-util_pt_BR.jar"/>
        <file crc="1495709774" name="modules/locale/org-netbeans-modules-versioning-util_ru.jar"/>
        <file crc="3377293376" name="modules/locale/org-netbeans-modules-versioning-util_zh_CN.jar"/>
        <file crc="1206798236" name="modules/org-netbeans-modules-versioning-util.jar"/>
    </module_version>
</module>
