<?xml version="1.0" encoding="UTF-8"?>
<module codename="org.netbeans.modules.editor.guards/1">
    <module_version install_time="1323291393855" last="true" origin="installer" specification_version="1.14.1">
        <file crc="591587818" name="config/Modules/org-netbeans-modules-editor-guards.xml"/>
        <file crc="3143888200" name="modules/locale/org-netbeans-modules-editor-guards_ja.jar"/>
        <file crc="3904235414" name="modules/locale/org-netbeans-modules-editor-guards_pt_BR.jar"/>
        <file crc="800607605" name="modules/locale/org-netbeans-modules-editor-guards_ru.jar"/>
        <file crc="67527927" name="modules/locale/org-netbeans-modules-editor-guards_zh_CN.jar"/>
        <file crc="494208022" name="modules/org-netbeans-modules-editor-guards.jar"/>
    </module_version>
</module>
