<?xml version="1.0" encoding="UTF-8"?>
<module codename="org.netbeans.modules.projectui.buildmenu/1">
    <module_version install_time="1323093711117" last="true" origin="installer" specification_version="1.12.1.1">
        <file crc="1083163641" name="config/Modules/org-netbeans-modules-projectui-buildmenu.xml"/>
        <file crc="2265640405" name="modules/locale/org-netbeans-modules-projectui-buildmenu_ja.jar"/>
        <file crc="860198460" name="modules/locale/org-netbeans-modules-projectui-buildmenu_pt_BR.jar"/>
        <file crc="2911508426" name="modules/locale/org-netbeans-modules-projectui-buildmenu_ru.jar"/>
        <file crc="3176669730" name="modules/locale/org-netbeans-modules-projectui-buildmenu_zh_CN.jar"/>
        <file crc="3756597775" name="modules/org-netbeans-modules-projectui-buildmenu.jar"/>
    </module_version>
</module>
