<?xml version="1.0" encoding="UTF-8"?>
<module codename="org.netbeans.modules.html/1">
    <module_version install_time="1323291523501" last="true" origin="installer" specification_version="1.39.1">
        <file crc="3327855974" name="config/Modules/org-netbeans-modules-html.xml"/>
        <file crc="3039245812" name="modules/locale/org-netbeans-modules-html_ja.jar"/>
        <file crc="583324531" name="modules/locale/org-netbeans-modules-html_pt_BR.jar"/>
        <file crc="520619473" name="modules/locale/org-netbeans-modules-html_ru.jar"/>
        <file crc="2694963595" name="modules/locale/org-netbeans-modules-html_zh_CN.jar"/>
        <file crc="878933216" name="modules/org-netbeans-modules-html.jar"/>
    </module_version>
</module>
