<?xml version="1.0" encoding="UTF-8"?>
<module codename="org.netbeans.libs.jaxb/1">
    <module_version install_time="1323291389430" last="true" origin="installer" specification_version="1.16.1">
        <file crc="1169736733" name="config/Modules/org-netbeans-libs-jaxb.xml"/>
        <file crc="1688154615" name="modules/ext/jaxb/jaxb-impl.jar"/>
        <file crc="3913346684" name="modules/ext/jaxb/jaxb-xjc.jar"/>
        <file crc="3940702304" name="modules/ext/jaxb/jaxb1-impl.jar"/>
        <file crc="344149225" name="modules/locale/org-netbeans-libs-jaxb_ja.jar"/>
        <file crc="1688521548" name="modules/locale/org-netbeans-libs-jaxb_pt_BR.jar"/>
        <file crc="4145780152" name="modules/locale/org-netbeans-libs-jaxb_ru.jar"/>
        <file crc="2890797440" name="modules/locale/org-netbeans-libs-jaxb_zh_CN.jar"/>
        <file crc="3215583838" name="modules/org-netbeans-libs-jaxb.jar"/>
    </module_version>
</module>
