<?xml version="1.0" encoding="UTF-8"?>
<module codename="org.netbeans.modules.javascript.hints/1">
    <module_version install_time="1323291462280" last="true" origin="installer" specification_version="0.51.1">
        <file crc="2801559414" name="config/Modules/org-netbeans-modules-javascript-hints.xml"/>
        <file crc="2739990288" name="modules/locale/org-netbeans-modules-javascript-hints_ja.jar"/>
        <file crc="1464616475" name="modules/locale/org-netbeans-modules-javascript-hints_pt_BR.jar"/>
        <file crc="3142043817" name="modules/locale/org-netbeans-modules-javascript-hints_ru.jar"/>
        <file crc="1860446696" name="modules/locale/org-netbeans-modules-javascript-hints_zh_CN.jar"/>
        <file crc="1884309394" name="modules/org-netbeans-modules-javascript-hints.jar"/>
    </module_version>
</module>
