<?xml version="1.0" encoding="UTF-8"?>
<module codename="org.netbeans.modules.derby">
    <module_version install_time="1323291495164" last="true" origin="installer" specification_version="1.25.1">
        <file crc="3368613972" name="config/Modules/org-netbeans-modules-derby.xml"/>
        <file crc="4139785832" name="modules/locale/org-netbeans-modules-derby_ja.jar"/>
        <file crc="4285779646" name="modules/locale/org-netbeans-modules-derby_pt_BR.jar"/>
        <file crc="788804111" name="modules/locale/org-netbeans-modules-derby_ru.jar"/>
        <file crc="2202677106" name="modules/locale/org-netbeans-modules-derby_zh_CN.jar"/>
        <file crc="1610422444" name="modules/org-netbeans-modules-derby.jar"/>
    </module_version>
</module>
