<?xml version="1.0" encoding="UTF-8"?>
<module codename="org.netbeans.libs.svnClientAdapter/1">
    <module_version install_time="1323093695185" last="true" origin="installer" specification_version="1.19.1">
        <file crc="3185122914" name="config/Modules/org-netbeans-libs-svnClientAdapter.xml"/>
        <file crc="185125148" name="modules/ext/svnClientAdapter-main-1.6.13.jar"/>
        <file crc="1557126222" name="modules/locale/org-netbeans-libs-svnClientAdapter_ja.jar"/>
        <file crc="3538509860" name="modules/locale/org-netbeans-libs-svnClientAdapter_pt_BR.jar"/>
        <file crc="3077986445" name="modules/locale/org-netbeans-libs-svnClientAdapter_ru.jar"/>
        <file crc="3525488693" name="modules/locale/org-netbeans-libs-svnClientAdapter_zh_CN.jar"/>
        <file crc="1944818519" name="modules/org-netbeans-libs-svnClientAdapter.jar"/>
    </module_version>
</module>
