<?xml version="1.0" encoding="UTF-8"?>
<module codename="org.netbeans.modules.html.editor/1">
    <module_version install_time="1323093600259" last="true" origin="installer" specification_version="1.33.1">
        <file crc="2913530181" name="config/Modules/org-netbeans-modules-html-editor.xml"/>
        <file crc="1413332910" name="modules/locale/org-netbeans-modules-html-editor_ja.jar"/>
        <file crc="3995699565" name="modules/locale/org-netbeans-modules-html-editor_pt_BR.jar"/>
        <file crc="2411853142" name="modules/locale/org-netbeans-modules-html-editor_ru.jar"/>
        <file crc="1166747729" name="modules/locale/org-netbeans-modules-html-editor_zh_CN.jar"/>
        <file crc="2276458121" name="modules/org-netbeans-modules-html-editor.jar"/>
    </module_version>
</module>
