<?xml version="1.0" encoding="UTF-8"?>
<module codename="org.netbeans.modules.css.visual/1">
    <module_version install_time="1323093545221" last="true" origin="installer" specification_version="2.21.1">
        <file crc="841146648" name="config/Modules/org-netbeans-modules-css-visual.xml"/>
        <file crc="20416650" name="modules/locale/org-netbeans-modules-css-visual_ja.jar"/>
        <file crc="777826772" name="modules/locale/org-netbeans-modules-css-visual_pt_BR.jar"/>
        <file crc="224263752" name="modules/locale/org-netbeans-modules-css-visual_ru.jar"/>
        <file crc="1284607118" name="modules/locale/org-netbeans-modules-css-visual_zh_CN.jar"/>
        <file crc="3401167232" name="modules/org-netbeans-modules-css-visual.jar"/>
    </module_version>
</module>
