<?xml version="1.0" encoding="UTF-8"?>
<module codename="org.netbeans.modules.localhistory">
    <module_version install_time="1323291572053" last="true" origin="installer" specification_version="1.15.1">
        <file crc="3877869730" name="config/Modules/org-netbeans-modules-localhistory.xml"/>
        <file crc="4080609887" name="modules/locale/org-netbeans-modules-localhistory_ja.jar"/>
        <file crc="1216097832" name="modules/locale/org-netbeans-modules-localhistory_pt_BR.jar"/>
        <file crc="1890119454" name="modules/locale/org-netbeans-modules-localhistory_ru.jar"/>
        <file crc="391860917" name="modules/locale/org-netbeans-modules-localhistory_zh_CN.jar"/>
        <file crc="3318659676" name="modules/org-netbeans-modules-localhistory.jar"/>
    </module_version>
</module>
