<?xml version="1.0" encoding="UTF-8"?>
<module codename="org.netbeans.modules.hudson.git">
    <module_version install_time="1323291496677" last="true" origin="installer" specification_version="1.2.1">
        <file crc="1732329679" name="config/Modules/org-netbeans-modules-hudson-git.xml"/>
        <file crc="688865026" name="modules/locale/org-netbeans-modules-hudson-git_ja.jar"/>
        <file crc="957797257" name="modules/locale/org-netbeans-modules-hudson-git_pt_BR.jar"/>
        <file crc="3009258421" name="modules/locale/org-netbeans-modules-hudson-git_ru.jar"/>
        <file crc="2164465439" name="modules/locale/org-netbeans-modules-hudson-git_zh_CN.jar"/>
        <file crc="1379336306" name="modules/org-netbeans-modules-hudson-git.jar"/>
    </module_version>
</module>
