<?xml version="1.0" encoding="UTF-8"?>
<module codename="org.netbeans.modules.defaults/1">
    <module_version install_time="1323093671129" last="true" origin="installer" specification_version="1.17.1">
        <file crc="1152392083" name="config/Modules/org-netbeans-modules-defaults.xml"/>
        <file crc="3833072315" name="modules/locale/org-netbeans-modules-defaults_ja.jar"/>
        <file crc="423945292" name="modules/locale/org-netbeans-modules-defaults_pt_BR.jar"/>
        <file crc="1434229546" name="modules/locale/org-netbeans-modules-defaults_ru.jar"/>
        <file crc="3148807095" name="modules/locale/org-netbeans-modules-defaults_zh_CN.jar"/>
        <file crc="4057114265" name="modules/org-netbeans-modules-defaults.jar"/>
    </module_version>
</module>
