<?xml version="1.0" encoding="UTF-8"?>
<module codename="org.netbeans.modules.spellchecker.bindings.htmlxml">
    <module_version install_time="1323093623913" last="true" origin="installer" specification_version="1.12.1">
        <file crc="2125152088" name="config/Modules/org-netbeans-modules-spellchecker-bindings-htmlxml.xml"/>
        <file crc="4280291658" name="modules/locale/org-netbeans-modules-spellchecker-bindings-htmlxml_ja.jar"/>
        <file crc="1273739283" name="modules/locale/org-netbeans-modules-spellchecker-bindings-htmlxml_pt_BR.jar"/>
        <file crc="288685126" name="modules/locale/org-netbeans-modules-spellchecker-bindings-htmlxml_ru.jar"/>
        <file crc="1218044273" name="modules/locale/org-netbeans-modules-spellchecker-bindings-htmlxml_zh_CN.jar"/>
        <file crc="2751267575" name="modules/org-netbeans-modules-spellchecker-bindings-htmlxml.jar"/>
    </module_version>
</module>
