<?xml version="1.0" encoding="UTF-8" standalone="no"?>
<module codename="org.netbeans.modules.bugzilla">
    <module_version install_time="1311883853612" last="false" origin="installer" specification_version="1.10.1">
        <file crc="495300362" name="config/Modules/org-netbeans-modules-bugzilla.xml"/>
        <file crc="4290318395" name="modules/org-netbeans-modules-bugzilla.jar"/>
    </module_version>
    <module_version install_time="1315342280074" last="true" origin="NetBeans Distribution" specification_version="1.10.2">
        <file crc="3346313298" name="modules/locale/org-netbeans-modules-bugzilla_ja.jar"/>
        <file crc="2996231870" name="modules/locale/org-netbeans-modules-bugzilla_pt_BR.jar"/>
        <file crc="3447028431" name="modules/locale/org-netbeans-modules-bugzilla_ru.jar"/>
        <file crc="358581260" name="modules/locale/org-netbeans-modules-bugzilla_zh_CN.jar"/>
        <file crc="495300362" name="config/Modules/org-netbeans-modules-bugzilla.xml"/>
        <file crc="1291718497" name="modules/org-netbeans-modules-bugzilla.jar"/>
    </module_version>
</module>
