<?xml version="1.0" encoding="UTF-8"?>
<module codename="org.netbeans.modules.css.lib/1">
    <module_version install_time="1323291392448" last="true" origin="installer" specification_version="1.4.1">
        <file crc="2846313870" name="config/Modules/org-netbeans-modules-css-lib.xml"/>
        <file crc="4146711896" name="modules/locale/org-netbeans-modules-css-lib_ja.jar"/>
        <file crc="3269130316" name="modules/locale/org-netbeans-modules-css-lib_pt_BR.jar"/>
        <file crc="1859050582" name="modules/locale/org-netbeans-modules-css-lib_ru.jar"/>
        <file crc="1306776448" name="modules/locale/org-netbeans-modules-css-lib_zh_CN.jar"/>
        <file crc="2957251152" name="modules/org-netbeans-modules-css-lib.jar"/>
    </module_version>
</module>
