<?xml version="1.0" encoding="UTF-8"?>
<module codename="org.netbeans.modules.css.editor/1">
    <module_version install_time="1323291469766" last="true" origin="installer" specification_version="1.23.1">
        <file crc="1147342470" name="config/Modules/org-netbeans-modules-css-editor.xml"/>
        <file crc="464110914" name="modules/locale/org-netbeans-modules-css-editor_ja.jar"/>
        <file crc="3274200429" name="modules/locale/org-netbeans-modules-css-editor_pt_BR.jar"/>
        <file crc="3213548039" name="modules/locale/org-netbeans-modules-css-editor_ru.jar"/>
        <file crc="3581903928" name="modules/locale/org-netbeans-modules-css-editor_zh_CN.jar"/>
        <file crc="977657102" name="modules/org-netbeans-modules-css-editor.jar"/>
    </module_version>
</module>
