<?xml version="1.0" encoding="UTF-8"?>
<module codename="org.netbeans.modules.db.core">
    <module_version install_time="1323093530777" last="true" origin="installer" specification_version="1.21.1">
        <file crc="3235026915" name="config/Modules/org-netbeans-modules-db-core.xml"/>
        <file crc="62387299" name="modules/locale/org-netbeans-modules-db-core_ja.jar"/>
        <file crc="903725841" name="modules/locale/org-netbeans-modules-db-core_pt_BR.jar"/>
        <file crc="1079304163" name="modules/locale/org-netbeans-modules-db-core_ru.jar"/>
        <file crc="2930596953" name="modules/locale/org-netbeans-modules-db-core_zh_CN.jar"/>
        <file crc="3388579018" name="modules/org-netbeans-modules-db-core.jar"/>
    </module_version>
</module>
