<?xml version="1.0" encoding="UTF-8"?>
<module codename="org.netbeans.modules.xml.xdm/1">
    <module_version install_time="1323093649689" last="true" origin="installer" specification_version="1.17.1.1">
        <file crc="1060261276" name="config/Modules/org-netbeans-modules-xml-xdm.xml"/>
        <file crc="257442364" name="modules/locale/org-netbeans-modules-xml-xdm_ja.jar"/>
        <file crc="2851818260" name="modules/locale/org-netbeans-modules-xml-xdm_pt_BR.jar"/>
        <file crc="2847631961" name="modules/locale/org-netbeans-modules-xml-xdm_ru.jar"/>
        <file crc="2130472900" name="modules/locale/org-netbeans-modules-xml-xdm_zh_CN.jar"/>
        <file crc="2206034625" name="modules/org-netbeans-modules-xml-xdm.jar"/>
    </module_version>
</module>
