<?xml version="1.0" encoding="UTF-8"?>
<module codename="org.netbeans.modules.db.metadata.model/0">
    <module_version install_time="1323291579430" last="true" origin="installer" specification_version="0.15.1">
        <file crc="3021893472" name="config/Modules/org-netbeans-modules-db-metadata-model.xml"/>
        <file crc="276029623" name="modules/locale/org-netbeans-modules-db-metadata-model_ja.jar"/>
        <file crc="2045270130" name="modules/locale/org-netbeans-modules-db-metadata-model_pt_BR.jar"/>
        <file crc="1052922529" name="modules/locale/org-netbeans-modules-db-metadata-model_ru.jar"/>
        <file crc="2746035245" name="modules/locale/org-netbeans-modules-db-metadata-model_zh_CN.jar"/>
        <file crc="1911931505" name="modules/org-netbeans-modules-db-metadata-model.jar"/>
    </module_version>
</module>
