<?xml version="1.0" encoding="UTF-8"?>
<module codename="org.netbeans.libs.svnClientAdapter.javahl/1">
    <module_version install_time="1323093493295" last="true" origin="installer" specification_version="1.5.1">
        <file crc="830263214" name="config/Modules/org-netbeans-libs-svnClientAdapter-javahl.xml"/>
        <file crc="3137541387" name="modules/ext/svnClientAdapter-javahl-1.6.13.jar"/>
        <file crc="2373278544" name="modules/ext/svnjavahl-1.6.0.jar"/>
        <file crc="2449512546" name="modules/locale/org-netbeans-libs-svnClientAdapter-javahl_ja.jar"/>
        <file crc="123568263" name="modules/locale/org-netbeans-libs-svnClientAdapter-javahl_pt_BR.jar"/>
        <file crc="864394049" name="modules/locale/org-netbeans-libs-svnClientAdapter-javahl_ru.jar"/>
        <file crc="748727142" name="modules/locale/org-netbeans-libs-svnClientAdapter-javahl_zh_CN.jar"/>
        <file crc="3535124078" name="modules/org-netbeans-libs-svnClientAdapter-javahl.jar"/>
    </module_version>
</module>
