<?xml version="1.0" encoding="UTF-8"?>
<module codename="org.netbeans.modules.servletapi/1">
    <module_version install_time="1323093669725" last="true" origin="installer" specification_version="1.25.1">
        <file crc="3516286118" name="config/Modules/org-netbeans-modules-servletapi.xml"/>
        <file crc="2746932137" name="modules/ext/servlet-2.2.jar"/>
        <file crc="575365940" name="modules/locale/org-netbeans-modules-servletapi_ja.jar"/>
        <file crc="365476863" name="modules/locale/org-netbeans-modules-servletapi_pt_BR.jar"/>
        <file crc="3025143969" name="modules/locale/org-netbeans-modules-servletapi_ru.jar"/>
        <file crc="3667121034" name="modules/locale/org-netbeans-modules-servletapi_zh_CN.jar"/>
        <file crc="2943150088" name="modules/org-netbeans-modules-servletapi.jar"/>
    </module_version>
</module>
