<?xml version="1.0" encoding="UTF-8"?>
<module codename="org.netbeans.modules.bugzilla">
    <module_version install_time="1323291374905" last="true" origin="installer" specification_version="1.15.1">
        <file crc="495300362" name="config/Modules/org-netbeans-modules-bugzilla.xml"/>
        <file crc="1667655681" name="modules/locale/org-netbeans-modules-bugzilla_ja.jar"/>
        <file crc="1262188700" name="modules/locale/org-netbeans-modules-bugzilla_pt_BR.jar"/>
        <file crc="3306744555" name="modules/locale/org-netbeans-modules-bugzilla_ru.jar"/>
        <file crc="1406742066" name="modules/locale/org-netbeans-modules-bugzilla_zh_CN.jar"/>
        <file crc="3334942604" name="modules/org-netbeans-modules-bugzilla.jar"/>
    </module_version>
</module>
