<?xml version="1.0" encoding="UTF-8"?>
<module codename="org.netbeans.modules.hudson.git">
    <module_version install_time="1323093589673" last="true" origin="installer" specification_version="1.2.1">
        <file crc="1732329679" name="config/Modules/org-netbeans-modules-hudson-git.xml"/>
        <file crc="2999362494" name="modules/locale/org-netbeans-modules-hudson-git_ja.jar"/>
        <file crc="2513871179" name="modules/locale/org-netbeans-modules-hudson-git_pt_BR.jar"/>
        <file crc="1490575928" name="modules/locale/org-netbeans-modules-hudson-git_ru.jar"/>
        <file crc="1717134909" name="modules/locale/org-netbeans-modules-hudson-git_zh_CN.jar"/>
        <file crc="1243166525" name="modules/org-netbeans-modules-hudson-git.jar"/>
    </module_version>
</module>
