<?xml version="1.0" encoding="UTF-8"?>
<module codename="org.netbeans.api.java.classpath/1">
    <module_version install_time="1323093519173" last="true" origin="installer" specification_version="1.31.1">
        <file crc="4102554259" name="config/Modules/org-netbeans-api-java-classpath.xml"/>
        <file crc="1632896739" name="modules/locale/org-netbeans-api-java-classpath_ja.jar"/>
        <file crc="3985788158" name="modules/locale/org-netbeans-api-java-classpath_pt_BR.jar"/>
        <file crc="49351277" name="modules/locale/org-netbeans-api-java-classpath_ru.jar"/>
        <file crc="1074950590" name="modules/locale/org-netbeans-api-java-classpath_zh_CN.jar"/>
        <file crc="2404551451" name="modules/org-netbeans-api-java-classpath.jar"/>
    </module_version>
</module>
