<?xml version="1.0" encoding="UTF-8"?>
<module codename="org.netbeans.modules.editor.completion/1">
    <module_version install_time="1323291428623" last="true" origin="installer" specification_version="1.28.1.1">
        <file crc="1327033579" name="config/Modules/org-netbeans-modules-editor-completion.xml"/>
        <file crc="486899273" name="modules/locale/org-netbeans-modules-editor-completion_ja.jar"/>
        <file crc="3612281552" name="modules/locale/org-netbeans-modules-editor-completion_pt_BR.jar"/>
        <file crc="2601025225" name="modules/locale/org-netbeans-modules-editor-completion_ru.jar"/>
        <file crc="2206234687" name="modules/locale/org-netbeans-modules-editor-completion_zh_CN.jar"/>
        <file crc="3577317860" name="modules/org-netbeans-modules-editor-completion.jar"/>
    </module_version>
</module>
