<?xml version="1.0" encoding="UTF-8"?>
<module codename="org.netbeans.libs.freemarker/1">
    <module_version install_time="1323093557186" last="true" origin="installer" specification_version="2.17.1.238">
        <file crc="637450760" name="config/Modules/org-netbeans-libs-freemarker.xml"/>
        <file crc="3751833499" name="modules/ext/freemarker-2.3.8.jar"/>
        <file crc="3626005485" name="modules/locale/org-netbeans-libs-freemarker_ja.jar"/>
        <file crc="3153641495" name="modules/locale/org-netbeans-libs-freemarker_pt_BR.jar"/>
        <file crc="4171611806" name="modules/locale/org-netbeans-libs-freemarker_ru.jar"/>
        <file crc="3815374681" name="modules/locale/org-netbeans-libs-freemarker_zh_CN.jar"/>
        <file crc="745256871" name="modules/org-netbeans-libs-freemarker.jar"/>
    </module_version>
</module>
