<?xml version="1.0" encoding="UTF-8"?>
<module codename="org.netbeans.libs.freemarker/1">
    <module_version install_time="1323291463868" last="true" origin="installer" specification_version="2.17.1.238">
        <file crc="637450760" name="config/Modules/org-netbeans-libs-freemarker.xml"/>
        <file crc="3751833499" name="modules/ext/freemarker-2.3.8.jar"/>
        <file crc="3589714094" name="modules/locale/org-netbeans-libs-freemarker_ja.jar"/>
        <file crc="1883441552" name="modules/locale/org-netbeans-libs-freemarker_pt_BR.jar"/>
        <file crc="764574974" name="modules/locale/org-netbeans-libs-freemarker_ru.jar"/>
        <file crc="1603784631" name="modules/locale/org-netbeans-libs-freemarker_zh_CN.jar"/>
        <file crc="1403323202" name="modules/org-netbeans-libs-freemarker.jar"/>
    </module_version>
</module>
