<?xml version="1.0" encoding="UTF-8"?>
<module codename="org.netbeans.modules.lexer.nbbridge/1">
    <module_version install_time="1323291415574" last="true" origin="installer" specification_version="1.17.1.1">
        <file crc="1332987720" name="config/Modules/org-netbeans-modules-lexer-nbbridge.xml"/>
        <file crc="2400137440" name="modules/locale/org-netbeans-modules-lexer-nbbridge_ja.jar"/>
        <file crc="2597426065" name="modules/locale/org-netbeans-modules-lexer-nbbridge_pt_BR.jar"/>
        <file crc="3217153725" name="modules/locale/org-netbeans-modules-lexer-nbbridge_ru.jar"/>
        <file crc="955234599" name="modules/locale/org-netbeans-modules-lexer-nbbridge_zh_CN.jar"/>
        <file crc="2659008252" name="modules/org-netbeans-modules-lexer-nbbridge.jar"/>
    </module_version>
</module>
