<?xml version="1.0" encoding="UTF-8"?>
<module codename="org.netbeans.modules.web.indent">
    <module_version install_time="1323093680300" last="true" origin="installer" specification_version="1.2.1">
        <file crc="3344998336" name="config/Modules/org-netbeans-modules-web-indent.xml"/>
        <file crc="2932195815" name="modules/locale/org-netbeans-modules-web-indent_ja.jar"/>
        <file crc="2739901189" name="modules/locale/org-netbeans-modules-web-indent_pt_BR.jar"/>
        <file crc="632495297" name="modules/locale/org-netbeans-modules-web-indent_ru.jar"/>
        <file crc="116782153" name="modules/locale/org-netbeans-modules-web-indent_zh_CN.jar"/>
        <file crc="3501788576" name="modules/org-netbeans-modules-web-indent.jar"/>
    </module_version>
</module>
