<?xml version="1.0" encoding="UTF-8"?>
<module codename="org.netbeans.libs.commons_net/2">
    <module_version install_time="1323291402705" last="true" origin="installer" specification_version="2.3.1.301">
        <file crc="1714611622" name="config/Modules/org-netbeans-libs-commons_net.xml"/>
        <file crc="1556434089" name="modules/ext/commons-net-3.0.1.jar"/>
        <file crc="1472011694" name="modules/locale/org-netbeans-libs-commons_net_ja.jar"/>
        <file crc="1240216618" name="modules/locale/org-netbeans-libs-commons_net_pt_BR.jar"/>
        <file crc="2144948483" name="modules/locale/org-netbeans-libs-commons_net_ru.jar"/>
        <file crc="2170406737" name="modules/locale/org-netbeans-libs-commons_net_zh_CN.jar"/>
        <file crc="3250126538" name="modules/org-netbeans-libs-commons_net.jar"/>
    </module_version>
</module>
