<?xml version="1.0" encoding="UTF-8"?>
<module codename="org.netbeans.libs.jvyamlb/1">
    <module_version install_time="1323093484292" last="true" origin="installer" specification_version="0.15.1">
        <file crc="1075784249" name="config/Modules/org-netbeans-libs-jvyamlb.xml"/>
        <file crc="1242614678" name="modules/ext/jvyamlb-0.2.3.jar"/>
        <file crc="421743995" name="modules/locale/org-netbeans-libs-jvyamlb_ja.jar"/>
        <file crc="1945304444" name="modules/locale/org-netbeans-libs-jvyamlb_pt_BR.jar"/>
        <file crc="2406865332" name="modules/locale/org-netbeans-libs-jvyamlb_ru.jar"/>
        <file crc="750163689" name="modules/locale/org-netbeans-libs-jvyamlb_zh_CN.jar"/>
        <file crc="3928929017" name="modules/org-netbeans-libs-jvyamlb.jar"/>
    </module_version>
</module>
