<?xml version="1.0" encoding="UTF-8" standalone="no"?>
<module codename="org.netbeans.modules.projectui">
    <module_version install_time="1311883918339" last="false" origin="installer" specification_version="1.26.1.8">
        <file crc="160952363" name="config/Modules/org-netbeans-modules-projectui.xml"/>
        <file crc="2584154586" name="modules/org-netbeans-modules-projectui.jar"/>
    </module_version>
    <module_version install_time="1326312459060" last="true" origin="NetBeans Distribution" specification_version="1.26.2.8">
        <file crc="4019907318" name="modules/locale/org-netbeans-modules-projectui_ja.jar"/>
        <file crc="2771759422" name="modules/locale/org-netbeans-modules-projectui_pt_BR.jar"/>
        <file crc="4043835505" name="modules/locale/org-netbeans-modules-projectui_ru.jar"/>
        <file crc="1990916102" name="modules/locale/org-netbeans-modules-projectui_zh_CN.jar"/>
        <file crc="160952363" name="config/Modules/org-netbeans-modules-projectui.xml"/>
        <file crc="2948951280" name="modules/org-netbeans-modules-projectui.jar"/>
    </module_version>
</module>
