<?xml version="1.0" encoding="UTF-8"?>
<module codename="org.openidex.util/3">
    <module_version install_time="1323093504713" last="true" origin="installer" specification_version="3.32.1">
        <file crc="2386101868" name="config/Modules/org-openidex-util.xml"/>
        <file crc="2161552934" name="modules/locale/org-openidex-util_ja.jar"/>
        <file crc="994381922" name="modules/locale/org-openidex-util_pt_BR.jar"/>
        <file crc="1809709741" name="modules/locale/org-openidex-util_ru.jar"/>
        <file crc="3147030301" name="modules/locale/org-openidex-util_zh_CN.jar"/>
        <file crc="3970509269" name="modules/org-openidex-util.jar"/>
    </module_version>
</module>
