<?xml version="1.0" encoding="UTF-8"?>
<module codename="org.netbeans.modules.spellchecker.bindings.properties">
    <module_version install_time="1323291498175" last="true" origin="installer" specification_version="1.7.1">
        <file crc="1082921001" name="config/Modules/org-netbeans-modules-spellchecker-bindings-properties.xml"/>
        <file crc="1372245253" name="modules/locale/org-netbeans-modules-spellchecker-bindings-properties_ja.jar"/>
        <file crc="482598943" name="modules/locale/org-netbeans-modules-spellchecker-bindings-properties_pt_BR.jar"/>
        <file crc="3543042634" name="modules/locale/org-netbeans-modules-spellchecker-bindings-properties_ru.jar"/>
        <file crc="1948031812" name="modules/locale/org-netbeans-modules-spellchecker-bindings-properties_zh_CN.jar"/>
        <file crc="4279548483" name="modules/org-netbeans-modules-spellchecker-bindings-properties.jar"/>
    </module_version>
</module>
