<?xml version="1.0" encoding="UTF-8"?>
<module codename="org.netbeans.core.browser/1">
    <module_version install_time="1323093651195" last="true" origin="installer" specification_version="1.12.1.1">
        <file crc="2536127157" name="config/Modules/org-netbeans-core-browser.xml"/>
        <file crc="1972740858" name="modules/locale/org-netbeans-core-browser_ja.jar"/>
        <file crc="1752463947" name="modules/locale/org-netbeans-core-browser_pt_BR.jar"/>
        <file crc="3038789079" name="modules/locale/org-netbeans-core-browser_ru.jar"/>
        <file crc="4234220639" name="modules/locale/org-netbeans-core-browser_zh_CN.jar"/>
        <file crc="657723050" name="modules/org-netbeans-core-browser.jar"/>
    </module_version>
</module>
