<?xml version="1.0" encoding="UTF-8"?>
<module codename="org.netbeans.modules.spellchecker.apimodule">
    <module_version install_time="1323093658295" last="true" origin="installer" specification_version="1.10.1">
        <file crc="2106395459" name="config/Modules/org-netbeans-modules-spellchecker-apimodule.xml"/>
        <file crc="1237840148" name="modules/locale/org-netbeans-modules-spellchecker-apimodule_ja.jar"/>
        <file crc="3636562520" name="modules/locale/org-netbeans-modules-spellchecker-apimodule_pt_BR.jar"/>
        <file crc="4030948241" name="modules/locale/org-netbeans-modules-spellchecker-apimodule_ru.jar"/>
        <file crc="2182175386" name="modules/locale/org-netbeans-modules-spellchecker-apimodule_zh_CN.jar"/>
        <file crc="900389701" name="modules/org-netbeans-modules-spellchecker-apimodule.jar"/>
    </module_version>
</module>
