<?xml version="1.0" encoding="UTF-8"?>
<module codename="org.netbeans.modules.languages.yaml">
    <module_version install_time="1323093684509" last="true" origin="installer" specification_version="2.16.1">
        <file crc="1110107827" name="config/Modules/org-netbeans-modules-languages-yaml.xml"/>
        <file crc="1503620910" name="modules/locale/org-netbeans-modules-languages-yaml_ja.jar"/>
        <file crc="484998684" name="modules/locale/org-netbeans-modules-languages-yaml_pt_BR.jar"/>
        <file crc="2383571195" name="modules/locale/org-netbeans-modules-languages-yaml_ru.jar"/>
        <file crc="3914721271" name="modules/locale/org-netbeans-modules-languages-yaml_zh_CN.jar"/>
        <file crc="1475826768" name="modules/org-netbeans-modules-languages-yaml.jar"/>
    </module_version>
</module>
