<?xml version="1.0" encoding="UTF-8"?>
<module codename="org.netbeans.modules.xml.wsdl.model/1">
    <module_version install_time="1323291616290" last="true" origin="installer" specification_version="1.16.1.1">
        <file crc="977523466" name="config/Modules/org-netbeans-modules-xml-wsdl-model.xml"/>
        <file crc="915727925" name="modules/locale/org-netbeans-modules-xml-wsdl-model_ja.jar"/>
        <file crc="583456527" name="modules/locale/org-netbeans-modules-xml-wsdl-model_pt_BR.jar"/>
        <file crc="3497638409" name="modules/locale/org-netbeans-modules-xml-wsdl-model_ru.jar"/>
        <file crc="140632245" name="modules/locale/org-netbeans-modules-xml-wsdl-model_zh_CN.jar"/>
        <file crc="4111337531" name="modules/org-netbeans-modules-xml-wsdl-model.jar"/>
    </module_version>
</module>
