<?xml version="1.0" encoding="UTF-8"?>
<module codename="org.netbeans.modules.tasklist.projectint/1">
    <module_version install_time="1323093622406" last="true" origin="installer" specification_version="1.14.1">
        <file crc="3766441604" name="config/Modules/org-netbeans-modules-tasklist-projectint.xml"/>
        <file crc="4130671610" name="modules/locale/org-netbeans-modules-tasklist-projectint_ja.jar"/>
        <file crc="1095747524" name="modules/locale/org-netbeans-modules-tasklist-projectint_pt_BR.jar"/>
        <file crc="3787612659" name="modules/locale/org-netbeans-modules-tasklist-projectint_ru.jar"/>
        <file crc="4043352172" name="modules/locale/org-netbeans-modules-tasklist-projectint_zh_CN.jar"/>
        <file crc="236945350" name="modules/org-netbeans-modules-tasklist-projectint.jar"/>
    </module_version>
</module>
