<?xml version="1.0" encoding="UTF-8"?>
<module codename="org.netbeans.libs.svnClientAdapter/1">
    <module_version install_time="1323291601821" last="true" origin="installer" specification_version="1.19.1">
        <file crc="3185122914" name="config/Modules/org-netbeans-libs-svnClientAdapter.xml"/>
        <file crc="185125148" name="modules/ext/svnClientAdapter-main-1.6.13.jar"/>
        <file crc="3891302070" name="modules/locale/org-netbeans-libs-svnClientAdapter_ja.jar"/>
        <file crc="1627488172" name="modules/locale/org-netbeans-libs-svnClientAdapter_pt_BR.jar"/>
        <file crc="2167198763" name="modules/locale/org-netbeans-libs-svnClientAdapter_ru.jar"/>
        <file crc="933497613" name="modules/locale/org-netbeans-libs-svnClientAdapter_zh_CN.jar"/>
        <file crc="2384826090" name="modules/org-netbeans-libs-svnClientAdapter.jar"/>
    </module_version>
</module>
