<?xml version="1.0" encoding="UTF-8"?>
<module codename="org.netbeans.modules.db.mysql">
    <module_version install_time="1323291412737" last="true" origin="installer" specification_version="0.13.1.2">
        <file crc="934439921" name="config/Modules/org-netbeans-modules-db-mysql.xml"/>
        <file crc="2765755390" name="modules/locale/org-netbeans-modules-db-mysql_ja.jar"/>
        <file crc="776539507" name="modules/locale/org-netbeans-modules-db-mysql_pt_BR.jar"/>
        <file crc="1854736657" name="modules/locale/org-netbeans-modules-db-mysql_ru.jar"/>
        <file crc="540412262" name="modules/locale/org-netbeans-modules-db-mysql_zh_CN.jar"/>
        <file crc="2696348019" name="modules/org-netbeans-modules-db-mysql.jar"/>
    </module_version>
</module>
