<?xml version="1.0" encoding="UTF-8"?>
<module codename="org.netbeans.modules.editor.bookmarks/1">
    <module_version install_time="1323093619483" last="true" origin="installer" specification_version="1.19.1">
        <file crc="3233569121" name="config/Modules/org-netbeans-modules-editor-bookmarks.xml"/>
        <file crc="2533941440" name="modules/locale/org-netbeans-modules-editor-bookmarks_ja.jar"/>
        <file crc="4218019026" name="modules/locale/org-netbeans-modules-editor-bookmarks_pt_BR.jar"/>
        <file crc="3858594694" name="modules/locale/org-netbeans-modules-editor-bookmarks_ru.jar"/>
        <file crc="632398298" name="modules/locale/org-netbeans-modules-editor-bookmarks_zh_CN.jar"/>
        <file crc="78476122" name="modules/org-netbeans-modules-editor-bookmarks.jar"/>
    </module_version>
</module>
