<?xml version="1.0" encoding="UTF-8"?>
<module codename="org.netbeans.modules.tasklist.todo/1">
    <module_version install_time="1323291479901" last="true" origin="installer" specification_version="1.15.1.1">
        <file crc="496296242" name="config/Modules/org-netbeans-modules-tasklist-todo.xml"/>
        <file crc="903823752" name="modules/locale/org-netbeans-modules-tasklist-todo_ja.jar"/>
        <file crc="1425344595" name="modules/locale/org-netbeans-modules-tasklist-todo_pt_BR.jar"/>
        <file crc="1690296863" name="modules/locale/org-netbeans-modules-tasklist-todo_ru.jar"/>
        <file crc="2615451188" name="modules/locale/org-netbeans-modules-tasklist-todo_zh_CN.jar"/>
        <file crc="2483075365" name="modules/org-netbeans-modules-tasklist-todo.jar"/>
    </module_version>
</module>
