<?xml version="1.0" encoding="UTF-8"?>
<module codename="org.netbeans.modules.editor.structure/1">
    <module_version install_time="1323093645240" last="true" origin="installer" specification_version="1.31.1.1">
        <file crc="215816205" name="config/Modules/org-netbeans-modules-editor-structure.xml"/>
        <file crc="1091805212" name="modules/locale/org-netbeans-modules-editor-structure_ja.jar"/>
        <file crc="1632022168" name="modules/locale/org-netbeans-modules-editor-structure_pt_BR.jar"/>
        <file crc="2351876750" name="modules/locale/org-netbeans-modules-editor-structure_ru.jar"/>
        <file crc="99277312" name="modules/locale/org-netbeans-modules-editor-structure_zh_CN.jar"/>
        <file crc="829246199" name="modules/org-netbeans-modules-editor-structure.jar"/>
    </module_version>
</module>
