<?xml version="1.0" encoding="UTF-8"?>
<module codename="org.netbeans.modules.bugtracking">
    <module_version install_time="1323093690630" last="true" origin="installer" specification_version="1.17.1">
        <file crc="3527920300" name="config/Modules/org-netbeans-modules-bugtracking.xml"/>
        <file crc="444806621" name="modules/locale/org-netbeans-modules-bugtracking_ja.jar"/>
        <file crc="3249092215" name="modules/locale/org-netbeans-modules-bugtracking_pt_BR.jar"/>
        <file crc="3445535250" name="modules/locale/org-netbeans-modules-bugtracking_ru.jar"/>
        <file crc="1205747249" name="modules/locale/org-netbeans-modules-bugtracking_zh_CN.jar"/>
        <file crc="1854843106" name="modules/org-netbeans-modules-bugtracking.jar"/>
    </module_version>
</module>
