<?xml version="1.0" encoding="UTF-8"?>
<module codename="org.netbeans.modules.gsf.testrunner">
    <module_version install_time="1323291416979" last="true" origin="installer" specification_version="1.23.1">
        <file crc="1006638708" name="config/Modules/org-netbeans-modules-gsf-testrunner.xml"/>
        <file crc="324961529" name="modules/locale/org-netbeans-modules-gsf-testrunner_ja.jar"/>
        <file crc="2818226498" name="modules/locale/org-netbeans-modules-gsf-testrunner_pt_BR.jar"/>
        <file crc="2676940619" name="modules/locale/org-netbeans-modules-gsf-testrunner_ru.jar"/>
        <file crc="2485415316" name="modules/locale/org-netbeans-modules-gsf-testrunner_zh_CN.jar"/>
        <file crc="3115882574" name="modules/org-netbeans-modules-gsf-testrunner.jar"/>
    </module_version>
</module>
