<?xml version="1.0" encoding="UTF-8"?>
<module codename="org.netbeans.modules.jumpto/1">
    <module_version install_time="1323093632569" last="true" origin="installer" specification_version="1.26.1.1">
        <file crc="771737990" name="config/Modules/org-netbeans-modules-jumpto.xml"/>
        <file crc="3737136567" name="modules/locale/org-netbeans-modules-jumpto_ja.jar"/>
        <file crc="1004992274" name="modules/locale/org-netbeans-modules-jumpto_pt_BR.jar"/>
        <file crc="3494814862" name="modules/locale/org-netbeans-modules-jumpto_ru.jar"/>
        <file crc="1316276015" name="modules/locale/org-netbeans-modules-jumpto_zh_CN.jar"/>
        <file crc="3980345475" name="modules/org-netbeans-modules-jumpto.jar"/>
    </module_version>
</module>
