<?xml version="1.0" encoding="UTF-8"?>
<module codename="org.netbeans.modules.parsing.lucene/2">
    <module_version install_time="1323093597106" last="true" origin="installer" specification_version="2.5.1">
        <file crc="3780388565" name="config/Modules/org-netbeans-modules-parsing-lucene.xml"/>
        <file crc="1312177780" name="modules/locale/org-netbeans-modules-parsing-lucene_ja.jar"/>
        <file crc="3559812221" name="modules/locale/org-netbeans-modules-parsing-lucene_pt_BR.jar"/>
        <file crc="1514252546" name="modules/locale/org-netbeans-modules-parsing-lucene_ru.jar"/>
        <file crc="4259452646" name="modules/locale/org-netbeans-modules-parsing-lucene_zh_CN.jar"/>
        <file crc="2163317432" name="modules/org-netbeans-modules-parsing-lucene.jar"/>
    </module_version>
</module>
