<?xml version="1.0" encoding="UTF-8"?>
<module codename="org.netbeans.modules.css.lib/1">
    <module_version install_time="1323093485795" last="true" origin="installer" specification_version="1.4.1">
        <file crc="2846313870" name="config/Modules/org-netbeans-modules-css-lib.xml"/>
        <file crc="2372287530" name="modules/locale/org-netbeans-modules-css-lib_ja.jar"/>
        <file crc="948799321" name="modules/locale/org-netbeans-modules-css-lib_pt_BR.jar"/>
        <file crc="2721182487" name="modules/locale/org-netbeans-modules-css-lib_ru.jar"/>
        <file crc="3688403819" name="modules/locale/org-netbeans-modules-css-lib_zh_CN.jar"/>
        <file crc="1006511495" name="modules/org-netbeans-modules-css-lib.jar"/>
    </module_version>
</module>
