<?xml version="1.0" encoding="UTF-8"?>
<module codename="org.netbeans.modules.usersguide/1">
    <module_version install_time="1323291478446" last="true" origin="installer" specification_version="1.34.1">
        <file crc="75511347" name="config/Modules/org-netbeans-modules-usersguide.xml"/>
        <file crc="2533937737" name="modules/docs/org-netbeans-modules-usersguide.jar"/>
        <file crc="2379987239" name="modules/locale/org-netbeans-modules-usersguide_ja.jar"/>
        <file crc="842155303" name="modules/locale/org-netbeans-modules-usersguide_pt_BR.jar"/>
        <file crc="225182713" name="modules/locale/org-netbeans-modules-usersguide_ru.jar"/>
        <file crc="1739595180" name="modules/locale/org-netbeans-modules-usersguide_zh_CN.jar"/>
        <file crc="3020571395" name="modules/org-netbeans-modules-usersguide.jar"/>
    </module_version>
</module>
