<?xml version="1.0" encoding="UTF-8"?>
<module codename="org.netbeans.modules.editor.settings.storage/1">
    <module_version install_time="1323093625334" last="true" origin="installer" specification_version="1.31.1">
        <file crc="417708896" name="config/Modules/org-netbeans-modules-editor-settings-storage.xml"/>
        <file crc="3148156964" name="modules/locale/org-netbeans-modules-editor-settings-storage_ja.jar"/>
        <file crc="790393400" name="modules/locale/org-netbeans-modules-editor-settings-storage_pt_BR.jar"/>
        <file crc="4155743069" name="modules/locale/org-netbeans-modules-editor-settings-storage_ru.jar"/>
        <file crc="559077932" name="modules/locale/org-netbeans-modules-editor-settings-storage_zh_CN.jar"/>
        <file crc="3682386643" name="modules/org-netbeans-modules-editor-settings-storage.jar"/>
    </module_version>
</module>
