<?xml version="1.0" encoding="UTF-8"?>
<module codename="org.netbeans.modules.editor.completion/1">
    <module_version install_time="1323093521972" last="true" origin="installer" specification_version="1.28.1.1">
        <file crc="1327033579" name="config/Modules/org-netbeans-modules-editor-completion.xml"/>
        <file crc="387792590" name="modules/locale/org-netbeans-modules-editor-completion_ja.jar"/>
        <file crc="3944800051" name="modules/locale/org-netbeans-modules-editor-completion_pt_BR.jar"/>
        <file crc="2283566458" name="modules/locale/org-netbeans-modules-editor-completion_ru.jar"/>
        <file crc="3084013354" name="modules/locale/org-netbeans-modules-editor-completion_zh_CN.jar"/>
        <file crc="2744959153" name="modules/org-netbeans-modules-editor-completion.jar"/>
    </module_version>
</module>
