<?xml version="1.0" encoding="UTF-8"?>
<module codename="org.netbeans.modules.xml.schema.model/1">
    <module_version install_time="1323291499616" last="true" origin="installer" specification_version="1.17.1.1">
        <file crc="1408122385" name="config/Modules/org-netbeans-modules-xml-schema-model.xml"/>
        <file crc="1109830271" name="modules/locale/org-netbeans-modules-xml-schema-model_ja.jar"/>
        <file crc="4029461050" name="modules/locale/org-netbeans-modules-xml-schema-model_pt_BR.jar"/>
        <file crc="3855092274" name="modules/locale/org-netbeans-modules-xml-schema-model_ru.jar"/>
        <file crc="286830669" name="modules/locale/org-netbeans-modules-xml-schema-model_zh_CN.jar"/>
        <file crc="2309050811" name="modules/org-netbeans-modules-xml-schema-model.jar"/>
    </module_version>
</module>
