<?xml version="1.0" encoding="UTF-8"?>
<module codename="org.netbeans.modules.xsl/1">
    <module_version install_time="1323291533718" last="true" origin="installer" specification_version="1.28.1">
        <file crc="3819907189" name="config/Modules/org-netbeans-modules-xsl.xml"/>
        <file crc="3171494001" name="modules/locale/org-netbeans-modules-xsl_ja.jar"/>
        <file crc="495923044" name="modules/locale/org-netbeans-modules-xsl_pt_BR.jar"/>
        <file crc="311020778" name="modules/locale/org-netbeans-modules-xsl_ru.jar"/>
        <file crc="3634570784" name="modules/locale/org-netbeans-modules-xsl_zh_CN.jar"/>
        <file crc="658037823" name="modules/org-netbeans-modules-xsl.jar"/>
    </module_version>
</module>
