<?xml version="1.0" encoding="UTF-8"?>
<module codename="org.netbeans.modules.schema2beans/1">
    <module_version install_time="1323291396812" last="true" origin="installer" specification_version="1.31.1">
        <file crc="3280133545" name="config/Modules/org-netbeans-modules-schema2beans.xml"/>
        <file crc="3705949566" name="modules/locale/org-netbeans-modules-schema2beans_ja.jar"/>
        <file crc="104746307" name="modules/locale/org-netbeans-modules-schema2beans_pt_BR.jar"/>
        <file crc="1265967158" name="modules/locale/org-netbeans-modules-schema2beans_ru.jar"/>
        <file crc="911197071" name="modules/locale/org-netbeans-modules-schema2beans_zh_CN.jar"/>
        <file crc="3238969676" name="modules/org-netbeans-modules-schema2beans.jar"/>
    </module_version>
</module>
