<?xml version="1.0" encoding="UTF-8"?>
<module codename="org.netbeans.modules.hudson.subversion">
    <module_version install_time="1323093514948" last="true" origin="installer" specification_version="1.13.1">
        <file crc="2440603391" name="config/Modules/org-netbeans-modules-hudson-subversion.xml"/>
        <file crc="1328856339" name="modules/locale/org-netbeans-modules-hudson-subversion_ja.jar"/>
        <file crc="49269941" name="modules/locale/org-netbeans-modules-hudson-subversion_pt_BR.jar"/>
        <file crc="787619998" name="modules/locale/org-netbeans-modules-hudson-subversion_ru.jar"/>
        <file crc="2620767456" name="modules/locale/org-netbeans-modules-hudson-subversion_zh_CN.jar"/>
        <file crc="3178666855" name="modules/org-netbeans-modules-hudson-subversion.jar"/>
    </module_version>
</module>
