<?xml version="1.0" encoding="UTF-8"?>
<module codename="org.netbeans.libs.lucene/3">
    <module_version install_time="1323291594639" last="true" origin="installer" specification_version="3.4.1">
        <file crc="2359018399" name="config/Modules/org-netbeans-libs-lucene.xml"/>
        <file crc="3835113783" name="modules/ext/lucene-core-3.0.3.jar"/>
        <file crc="3673905748" name="modules/locale/org-netbeans-libs-lucene_ja.jar"/>
        <file crc="2431917445" name="modules/locale/org-netbeans-libs-lucene_pt_BR.jar"/>
        <file crc="1942820167" name="modules/locale/org-netbeans-libs-lucene_ru.jar"/>
        <file crc="502800600" name="modules/locale/org-netbeans-libs-lucene_zh_CN.jar"/>
        <file crc="2734850311" name="modules/org-netbeans-libs-lucene.jar"/>
    </module_version>
</module>
