<?xml version="1.0" encoding="UTF-8"?>
<module codename="org.netbeans.modules.languages.diff">
    <module_version install_time="1323093652613" last="true" origin="installer" specification_version="1.18.1">
        <file crc="3703025839" name="config/Modules/org-netbeans-modules-languages-diff.xml"/>
        <file crc="179871249" name="modules/locale/org-netbeans-modules-languages-diff_ja.jar"/>
        <file crc="2378035201" name="modules/locale/org-netbeans-modules-languages-diff_pt_BR.jar"/>
        <file crc="3379858646" name="modules/locale/org-netbeans-modules-languages-diff_ru.jar"/>
        <file crc="185932935" name="modules/locale/org-netbeans-modules-languages-diff_zh_CN.jar"/>
        <file crc="3758947918" name="modules/org-netbeans-modules-languages-diff.jar"/>
    </module_version>
</module>
