<?xml version="1.0" encoding="UTF-8"?>
<module codename="org.netbeans.modules.subversion">
    <module_version install_time="1323093548221" last="true" origin="installer" specification_version="1.19.2.42.1">
        <file crc="1100323445" name="config/Modules/org-netbeans-modules-subversion.xml"/>
        <file crc="3345795059" name="modules/docs/org-netbeans-modules-subversion.jar"/>
        <file crc="3425364631" name="modules/locale/org-netbeans-modules-subversion_ja.jar"/>
        <file crc="3344075335" name="modules/locale/org-netbeans-modules-subversion_pt_BR.jar"/>
        <file crc="734707356" name="modules/locale/org-netbeans-modules-subversion_ru.jar"/>
        <file crc="2280844069" name="modules/locale/org-netbeans-modules-subversion_zh_CN.jar"/>
        <file crc="2170653966" name="modules/org-netbeans-modules-subversion.jar"/>
    </module_version>
</module>
