<?xml version="1.0" encoding="UTF-8"?>
<module codename="org.netbeans.modules.bugtracking.bridge">
    <module_version install_time="1323093507785" last="true" origin="installer" specification_version="1.13.1">
        <file crc="337954893" name="config/Modules/org-netbeans-modules-bugtracking-bridge.xml"/>
        <file crc="1254805826" name="modules/locale/org-netbeans-modules-bugtracking-bridge_ja.jar"/>
        <file crc="3947545643" name="modules/locale/org-netbeans-modules-bugtracking-bridge_pt_BR.jar"/>
        <file crc="2228911439" name="modules/locale/org-netbeans-modules-bugtracking-bridge_ru.jar"/>
        <file crc="692110361" name="modules/locale/org-netbeans-modules-bugtracking-bridge_zh_CN.jar"/>
        <file crc="808108216" name="modules/org-netbeans-modules-bugtracking-bridge.jar"/>
    </module_version>
</module>
