<?xml version="1.0" encoding="UTF-8"?>
<module codename="org.netbeans.modules.xml.multiview/1">
    <module_version install_time="1323291542400" last="true" origin="installer" specification_version="1.22.1.2">
        <file crc="3843291236" name="config/Modules/org-netbeans-modules-xml-multiview.xml"/>
        <file crc="2416708071" name="modules/locale/org-netbeans-modules-xml-multiview_ja.jar"/>
        <file crc="1746672622" name="modules/locale/org-netbeans-modules-xml-multiview_pt_BR.jar"/>
        <file crc="1819250318" name="modules/locale/org-netbeans-modules-xml-multiview_ru.jar"/>
        <file crc="756731298" name="modules/locale/org-netbeans-modules-xml-multiview_zh_CN.jar"/>
        <file crc="2975417844" name="modules/org-netbeans-modules-xml-multiview.jar"/>
    </module_version>
</module>
