<?xml version="1.0" encoding="UTF-8"?>
<module codename="org.netbeans.core.ide/1">
    <module_version install_time="1323291401235" last="true" origin="installer" specification_version="1.26.1">
        <file crc="577140527" name="config/Modules/org-netbeans-core-ide.xml"/>
        <file crc="1306530228" name="modules/locale/org-netbeans-core-ide_ja.jar"/>
        <file crc="1852882415" name="modules/locale/org-netbeans-core-ide_pt_BR.jar"/>
        <file crc="910152271" name="modules/locale/org-netbeans-core-ide_ru.jar"/>
        <file crc="2060211157" name="modules/locale/org-netbeans-core-ide_zh_CN.jar"/>
        <file crc="4286467562" name="modules/org-netbeans-core-ide.jar"/>
    </module_version>
</module>
