<?xml version="1.0" encoding="UTF-8"?>
<module codename="org.netbeans.spi.navigator/1">
    <module_version install_time="1323291550653" last="true" origin="installer" specification_version="1.20.1">
        <file crc="489298949" name="config/Modules/org-netbeans-spi-navigator.xml"/>
        <file crc="3624483011" name="modules/locale/org-netbeans-spi-navigator_ja.jar"/>
        <file crc="244063875" name="modules/locale/org-netbeans-spi-navigator_pt_BR.jar"/>
        <file crc="4238488275" name="modules/locale/org-netbeans-spi-navigator_ru.jar"/>
        <file crc="2904636067" name="modules/locale/org-netbeans-spi-navigator_zh_CN.jar"/>
        <file crc="2976144590" name="modules/org-netbeans-spi-navigator.jar"/>
    </module_version>
</module>
