<?xml version="1.0" encoding="UTF-8"?>
<module codename="org.netbeans.modules.db.drivers">
    <module_version install_time="1323093637344" last="true" origin="installer" specification_version="1.14.1">
        <file crc="153511136" name="config/Modules/org-netbeans-modules-db-drivers.xml"/>
        <file crc="342902834" name="modules/ext/mysql-connector-java-5.1.13-bin.jar"/>
        <file crc="2472347899" name="modules/ext/postgresql-8.3-603.jdbc3.jar"/>
        <file crc="2990804757" name="modules/locale/org-netbeans-modules-db-drivers_ja.jar"/>
        <file crc="4145298145" name="modules/locale/org-netbeans-modules-db-drivers_pt_BR.jar"/>
        <file crc="2197880114" name="modules/locale/org-netbeans-modules-db-drivers_ru.jar"/>
        <file crc="1489217668" name="modules/locale/org-netbeans-modules-db-drivers_zh_CN.jar"/>
        <file crc="2666744123" name="modules/org-netbeans-modules-db-drivers.jar"/>
    </module_version>
</module>
