<?xml version="1.0" encoding="UTF-8"?>
<module codename="org.netbeans.swing.dirchooser">
    <module_version install_time="1323093471379" last="true" origin="installer" specification_version="1.14.1">
        <file crc="1723700341" name="config/Modules/org-netbeans-swing-dirchooser.xml"/>
        <file crc="4141922660" name="modules/locale/org-netbeans-swing-dirchooser_ja.jar"/>
        <file crc="569190392" name="modules/locale/org-netbeans-swing-dirchooser_pt_BR.jar"/>
        <file crc="3254898236" name="modules/locale/org-netbeans-swing-dirchooser_ru.jar"/>
        <file crc="1599846656" name="modules/locale/org-netbeans-swing-dirchooser_zh_CN.jar"/>
        <file crc="175241341" name="modules/org-netbeans-swing-dirchooser.jar"/>
    </module_version>
</module>
