<?xml version="1.0" encoding="UTF-8"?>
<module codename="org.netbeans.modules.extexecution.destroy">
    <module_version install_time="1323093708190" last="true" origin="installer" specification_version="1.10.1">
        <file crc="3152939819" name="config/Modules/org-netbeans-modules-extexecution-destroy.xml"/>
        <file crc="1530983162" name="modules/ext/libpam4j-1.1.jar"/>
        <file crc="693707867" name="modules/ext/processtreekiller-1.0.1.jar"/>
        <file crc="1352008848" name="modules/ext/winp-1.14-patched.jar"/>
        <file crc="102403114" name="modules/locale/org-netbeans-modules-extexecution-destroy_ja.jar"/>
        <file crc="1565253337" name="modules/locale/org-netbeans-modules-extexecution-destroy_pt_BR.jar"/>
        <file crc="819435033" name="modules/locale/org-netbeans-modules-extexecution-destroy_ru.jar"/>
        <file crc="1052019961" name="modules/locale/org-netbeans-modules-extexecution-destroy_zh_CN.jar"/>
        <file crc="3887306773" name="modules/org-netbeans-modules-extexecution-destroy.jar"/>
    </module_version>
</module>
