<?xml version="1.0" encoding="UTF-8"?>
<module codename="org.netbeans.modules.html/1">
    <module_version install_time="1323093616673" last="true" origin="installer" specification_version="1.39.1">
        <file crc="3327855974" name="config/Modules/org-netbeans-modules-html.xml"/>
        <file crc="1214542880" name="modules/locale/org-netbeans-modules-html_ja.jar"/>
        <file crc="204722449" name="modules/locale/org-netbeans-modules-html_pt_BR.jar"/>
        <file crc="1593689611" name="modules/locale/org-netbeans-modules-html_ru.jar"/>
        <file crc="2933616296" name="modules/locale/org-netbeans-modules-html_zh_CN.jar"/>
        <file crc="290446075" name="modules/org-netbeans-modules-html.jar"/>
    </module_version>
</module>
