<?xml version="1.0" encoding="UTF-8"?>
<module codename="org.netbeans.modules.hudson">
    <module_version install_time="1323093524930" last="true" origin="installer" specification_version="1.16.1">
        <file crc="1746424730" name="config/Modules/org-netbeans-modules-hudson.xml"/>
        <file crc="33989864" name="modules/locale/org-netbeans-modules-hudson_ja.jar"/>
        <file crc="2882930548" name="modules/locale/org-netbeans-modules-hudson_pt_BR.jar"/>
        <file crc="2863407336" name="modules/locale/org-netbeans-modules-hudson_ru.jar"/>
        <file crc="4173038273" name="modules/locale/org-netbeans-modules-hudson_zh_CN.jar"/>
        <file crc="670391033" name="modules/org-netbeans-modules-hudson.jar"/>
    </module_version>
</module>
