<?xml version="1.0" encoding="UTF-8"?>
<module codename="org.netbeans.modules.spellchecker.kit">
    <module_version install_time="1323291427129" last="true" origin="installer" specification_version="1.11.1">
        <file crc="828845662" name="config/Modules/org-netbeans-modules-spellchecker-kit.xml"/>
        <file crc="1213353428" name="modules/locale/org-netbeans-modules-spellchecker-kit_ja.jar"/>
        <file crc="2006846505" name="modules/locale/org-netbeans-modules-spellchecker-kit_pt_BR.jar"/>
        <file crc="788816235" name="modules/locale/org-netbeans-modules-spellchecker-kit_ru.jar"/>
        <file crc="1095421222" name="modules/locale/org-netbeans-modules-spellchecker-kit_zh_CN.jar"/>
        <file crc="7359935" name="modules/org-netbeans-modules-spellchecker-kit.jar"/>
    </module_version>
</module>
