<?xml version="1.0" encoding="UTF-8" standalone="no"?>
<module codename="org.netbeans.modules.editor/3">
    <module_version install_time="1311883504495" last="false" origin="installer" specification_version="1.57.1.5.13.10">
        <file crc="3066718341" name="config/ModuleAutoDeps/org-netbeans-modules-editor.xml"/>
        <file crc="2401213403" name="config/Modules/org-netbeans-modules-editor.xml"/>
        <file crc="3175389649" name="modules/org-netbeans-modules-editor.jar"/>
    </module_version>
    <module_version install_time="1315342276835" last="true" origin="NetBeans Distribution" specification_version="1.57.2.5.13.10">
        <file crc="4001980546" name="modules/locale/org-netbeans-modules-editor_ja.jar"/>
        <file crc="2959196223" name="modules/locale/org-netbeans-modules-editor_pt_BR.jar"/>
        <file crc="122473499" name="modules/locale/org-netbeans-modules-editor_ru.jar"/>
        <file crc="65785929" name="modules/locale/org-netbeans-modules-editor_zh_CN.jar"/>
        <file crc="3066718341" name="config/ModuleAutoDeps/org-netbeans-modules-editor.xml"/>
        <file crc="2401213403" name="config/Modules/org-netbeans-modules-editor.xml"/>
        <file crc="3963640699" name="modules/org-netbeans-modules-editor.jar"/>
    </module_version>
</module>
