<?xml version="1.0" encoding="UTF-8"?>
<module codename="org.netbeans.modules.dbapi">
    <module_version install_time="1323291512830" last="true" origin="installer" specification_version="1.19.1.30">
        <file crc="3641521545" name="config/Modules/org-netbeans-modules-dbapi.xml"/>
        <file crc="543961397" name="modules/locale/org-netbeans-modules-dbapi_ja.jar"/>
        <file crc="222558571" name="modules/locale/org-netbeans-modules-dbapi_pt_BR.jar"/>
        <file crc="1004582635" name="modules/locale/org-netbeans-modules-dbapi_ru.jar"/>
        <file crc="960303862" name="modules/locale/org-netbeans-modules-dbapi_zh_CN.jar"/>
        <file crc="513119438" name="modules/org-netbeans-modules-dbapi.jar"/>
    </module_version>
</module>
