<?xml version="1.0" encoding="UTF-8"?>
<module codename="org.netbeans.modules.javascript.kit/1">
    <module_version install_time="1323291566393" last="true" origin="installer" specification_version="0.117.1">
        <file crc="1357808967" name="config/Modules/org-netbeans-modules-javascript-kit.xml"/>
        <file crc="2546142335" name="modules/locale/org-netbeans-modules-javascript-kit_ja.jar"/>
        <file crc="3235148784" name="modules/locale/org-netbeans-modules-javascript-kit_pt_BR.jar"/>
        <file crc="2552044143" name="modules/locale/org-netbeans-modules-javascript-kit_ru.jar"/>
        <file crc="2318018121" name="modules/locale/org-netbeans-modules-javascript-kit_zh_CN.jar"/>
        <file crc="2387334520" name="modules/org-netbeans-modules-javascript-kit.jar"/>
    </module_version>
</module>
