<?xml version="1.0" encoding="UTF-8"?>
<module codename="org.netbeans.modules.versioning/1">
    <module_version install_time="1323093664073" last="true" origin="installer" specification_version="1.27.1.1.42.1">
        <file crc="1304028038" name="config/Modules/org-netbeans-modules-versioning.xml"/>
        <file crc="678075186" name="modules/locale/org-netbeans-modules-versioning_ja.jar"/>
        <file crc="2510462352" name="modules/locale/org-netbeans-modules-versioning_pt_BR.jar"/>
        <file crc="3661021790" name="modules/locale/org-netbeans-modules-versioning_ru.jar"/>
        <file crc="1111395714" name="modules/locale/org-netbeans-modules-versioning_zh_CN.jar"/>
        <file crc="4050985102" name="modules/org-netbeans-modules-versioning.jar"/>
    </module_version>
</module>
