<?xml version="1.0" encoding="UTF-8"?>
<module codename="org.netbeans.modules.properties/1">
    <module_version install_time="1323093564407" last="true" origin="installer" specification_version="1.38.1">
        <file crc="2183385895" name="config/Modules/org-netbeans-modules-properties.xml"/>
        <file crc="1706225962" name="modules/locale/org-netbeans-modules-properties_ja.jar"/>
        <file crc="2548769298" name="modules/locale/org-netbeans-modules-properties_pt_BR.jar"/>
        <file crc="2636849190" name="modules/locale/org-netbeans-modules-properties_ru.jar"/>
        <file crc="3910737730" name="modules/locale/org-netbeans-modules-properties_zh_CN.jar"/>
        <file crc="4006320255" name="modules/org-netbeans-modules-properties.jar"/>
    </module_version>
</module>
