<?xml version="1.0" encoding="UTF-8"?>
<module codename="org.netbeans.modules.tasklist.ui/1">
    <module_version install_time="1323291511433" last="true" origin="installer" specification_version="1.16.1.1">
        <file crc="2796626611" name="config/Modules/org-netbeans-modules-tasklist-ui.xml"/>
        <file crc="4130266998" name="modules/locale/org-netbeans-modules-tasklist-ui_ja.jar"/>
        <file crc="3271971577" name="modules/locale/org-netbeans-modules-tasklist-ui_pt_BR.jar"/>
        <file crc="4011686747" name="modules/locale/org-netbeans-modules-tasklist-ui_ru.jar"/>
        <file crc="545257014" name="modules/locale/org-netbeans-modules-tasklist-ui_zh_CN.jar"/>
        <file crc="3740156813" name="modules/org-netbeans-modules-tasklist-ui.jar"/>
    </module_version>
</module>
