<?xml version="1.0" encoding="UTF-8"?>
<module codename="org.netbeans.modules.properties.syntax/1">
    <module_version install_time="1323093497684" last="true" origin="installer" specification_version="1.34.1">
        <file crc="3912872678" name="config/Modules/org-netbeans-modules-properties-syntax.xml"/>
        <file crc="2823877678" name="modules/locale/org-netbeans-modules-properties-syntax_ja.jar"/>
        <file crc="37059315" name="modules/locale/org-netbeans-modules-properties-syntax_pt_BR.jar"/>
        <file crc="2780580831" name="modules/locale/org-netbeans-modules-properties-syntax_ru.jar"/>
        <file crc="4018203395" name="modules/locale/org-netbeans-modules-properties-syntax_zh_CN.jar"/>
        <file crc="1751934872" name="modules/org-netbeans-modules-properties-syntax.jar"/>
    </module_version>
</module>
