<?xml version="1.0" encoding="UTF-8"?>
<module codename="org.netbeans.spi.palette/1">
    <module_version install_time="1323291554965" last="true" origin="installer" specification_version="1.29.1">
        <file crc="643103640" name="config/Modules/org-netbeans-spi-palette.xml"/>
        <file crc="3984300272" name="modules/locale/org-netbeans-spi-palette_ja.jar"/>
        <file crc="1821119561" name="modules/locale/org-netbeans-spi-palette_pt_BR.jar"/>
        <file crc="1693846930" name="modules/locale/org-netbeans-spi-palette_ru.jar"/>
        <file crc="2224681318" name="modules/locale/org-netbeans-spi-palette_zh_CN.jar"/>
        <file crc="2445101235" name="modules/org-netbeans-spi-palette.jar"/>
    </module_version>
</module>
