<?xml version="1.0" encoding="UTF-8"?>
<module codename="org.netbeans.modules.editor.fold/1">
    <module_version install_time="1323093499088" last="true" origin="installer" specification_version="1.27.1.25">
        <file crc="1352432432" name="config/Modules/org-netbeans-modules-editor-fold.xml"/>
        <file crc="70719660" name="modules/locale/org-netbeans-modules-editor-fold_ja.jar"/>
        <file crc="2868087062" name="modules/locale/org-netbeans-modules-editor-fold_pt_BR.jar"/>
        <file crc="3937143290" name="modules/locale/org-netbeans-modules-editor-fold_ru.jar"/>
        <file crc="3612471332" name="modules/locale/org-netbeans-modules-editor-fold_zh_CN.jar"/>
        <file crc="1904480733" name="modules/org-netbeans-modules-editor-fold.jar"/>
    </module_version>
</module>
