<?xml version="1.0" encoding="UTF-8"?>
<module codename="org.netbeans.modules.terminal">
    <module_version install_time="1323291502510" last="true" origin="installer" specification_version="1.7.1">
        <file crc="4156507734" name="config/Modules/org-netbeans-modules-terminal.xml"/>
        <file crc="1628799971" name="modules/locale/org-netbeans-modules-terminal_ja.jar"/>
        <file crc="3287027861" name="modules/locale/org-netbeans-modules-terminal_pt_BR.jar"/>
        <file crc="169384234" name="modules/locale/org-netbeans-modules-terminal_ru.jar"/>
        <file crc="2428658026" name="modules/locale/org-netbeans-modules-terminal_zh_CN.jar"/>
        <file crc="1189398474" name="modules/org-netbeans-modules-terminal.jar"/>
    </module_version>
</module>
