<?xml version="1.0" encoding="UTF-8"?>
<module codename="org.netbeans.modules.print.editor">
    <module_version install_time="1323291383665" last="true" origin="installer" specification_version="7.12.1">
        <file crc="3826813082" name="config/Modules/org-netbeans-modules-print-editor.xml"/>
        <file crc="933958164" name="modules/locale/org-netbeans-modules-print-editor_ja.jar"/>
        <file crc="2413765658" name="modules/locale/org-netbeans-modules-print-editor_pt_BR.jar"/>
        <file crc="72443812" name="modules/locale/org-netbeans-modules-print-editor_ru.jar"/>
        <file crc="1184847037" name="modules/locale/org-netbeans-modules-print-editor_zh_CN.jar"/>
        <file crc="536761786" name="modules/org-netbeans-modules-print-editor.jar"/>
    </module_version>
</module>
