<?xml version="1.0" encoding="UTF-8"?>
<module codename="org.netbeans.modules.editor.deprecated.pre65formatting/0">
    <module_version install_time="1323291465366" last="true" origin="installer" specification_version="1.6.1.1.5.19.25">
        <file crc="1017076465" name="config/Modules/org-netbeans-modules-editor-deprecated-pre65formatting.xml"/>
        <file crc="3646323438" name="modules/locale/org-netbeans-modules-editor-deprecated-pre65formatting_ja.jar"/>
        <file crc="2819198801" name="modules/locale/org-netbeans-modules-editor-deprecated-pre65formatting_pt_BR.jar"/>
        <file crc="1083061660" name="modules/locale/org-netbeans-modules-editor-deprecated-pre65formatting_ru.jar"/>
        <file crc="2652066032" name="modules/locale/org-netbeans-modules-editor-deprecated-pre65formatting_zh_CN.jar"/>
        <file crc="1575446676" name="modules/org-netbeans-modules-editor-deprecated-pre65formatting.jar"/>
    </module_version>
</module>
