<?xml version="1.0" encoding="UTF-8"?>
<module codename="org.netbeans.modules.terminal">
    <module_version install_time="1323093595712" last="true" origin="installer" specification_version="1.7.1">
        <file crc="4156507734" name="config/Modules/org-netbeans-modules-terminal.xml"/>
        <file crc="3832735535" name="modules/locale/org-netbeans-modules-terminal_ja.jar"/>
        <file crc="1884944157" name="modules/locale/org-netbeans-modules-terminal_pt_BR.jar"/>
        <file crc="2068899198" name="modules/locale/org-netbeans-modules-terminal_ru.jar"/>
        <file crc="1847002245" name="modules/locale/org-netbeans-modules-terminal_zh_CN.jar"/>
        <file crc="834946112" name="modules/org-netbeans-modules-terminal.jar"/>
    </module_version>
</module>
