<?xml version="1.0" encoding="UTF-8"?>
<module codename="org.netbeans.spi.tasklist/1">
    <module_version install_time="1323093646760" last="true" origin="installer" specification_version="1.17.1.1">
        <file crc="1227800962" name="config/Modules/org-netbeans-spi-tasklist.xml"/>
        <file crc="3353806460" name="modules/locale/org-netbeans-spi-tasklist_ja.jar"/>
        <file crc="2311498861" name="modules/locale/org-netbeans-spi-tasklist_pt_BR.jar"/>
        <file crc="989435385" name="modules/locale/org-netbeans-spi-tasklist_ru.jar"/>
        <file crc="3990653692" name="modules/locale/org-netbeans-spi-tasklist_zh_CN.jar"/>
        <file crc="1424362098" name="modules/org-netbeans-spi-tasklist.jar"/>
    </module_version>
</module>
