<?xml version="1.0" encoding="UTF-8"?>
<module codename="org.netbeans.modules.editor.codetemplates/1">
    <module_version install_time="1323093540894" last="true" origin="installer" specification_version="1.24.1.1">
        <file crc="315605031" name="config/Modules/org-netbeans-modules-editor-codetemplates.xml"/>
        <file crc="1874016316" name="modules/locale/org-netbeans-modules-editor-codetemplates_ja.jar"/>
        <file crc="2780675680" name="modules/locale/org-netbeans-modules-editor-codetemplates_pt_BR.jar"/>
        <file crc="3034461553" name="modules/locale/org-netbeans-modules-editor-codetemplates_ru.jar"/>
        <file crc="1264301213" name="modules/locale/org-netbeans-modules-editor-codetemplates_zh_CN.jar"/>
        <file crc="3336161347" name="modules/org-netbeans-modules-editor-codetemplates.jar"/>
    </module_version>
</module>
