<?xml version="1.0" encoding="UTF-8"?>
<module codename="org.netbeans.modules.javascript.hints/1">
    <module_version install_time="1323093555509" last="true" origin="installer" specification_version="0.51.1">
        <file crc="2801559414" name="config/Modules/org-netbeans-modules-javascript-hints.xml"/>
        <file crc="3339257455" name="modules/locale/org-netbeans-modules-javascript-hints_ja.jar"/>
        <file crc="1737536937" name="modules/locale/org-netbeans-modules-javascript-hints_pt_BR.jar"/>
        <file crc="662266514" name="modules/locale/org-netbeans-modules-javascript-hints_ru.jar"/>
        <file crc="1547264110" name="modules/locale/org-netbeans-modules-javascript-hints_zh_CN.jar"/>
        <file crc="1883164627" name="modules/org-netbeans-modules-javascript-hints.jar"/>
    </module_version>
</module>
