<?xml version="1.0" encoding="UTF-8"?>
<module codename="org.netbeans.modules.db.sql.editor">
    <module_version install_time="1323093719851" last="true" origin="installer" specification_version="1.21.1.30">
        <file crc="512497951" name="config/Modules/org-netbeans-modules-db-sql-editor.xml"/>
        <file crc="3004529619" name="modules/locale/org-netbeans-modules-db-sql-editor_ja.jar"/>
        <file crc="4015321900" name="modules/locale/org-netbeans-modules-db-sql-editor_pt_BR.jar"/>
        <file crc="1919724856" name="modules/locale/org-netbeans-modules-db-sql-editor_ru.jar"/>
        <file crc="1801797955" name="modules/locale/org-netbeans-modules-db-sql-editor_zh_CN.jar"/>
        <file crc="2324572728" name="modules/org-netbeans-modules-db-sql-editor.jar"/>
    </module_version>
</module>
