<?xml version="1.0" encoding="UTF-8"?>
<module codename="org.netbeans.modules.target.iterator/1">
    <module_version install_time="1323291398215" last="true" origin="installer" specification_version="1.8.1">
        <file crc="4049777741" name="config/Modules/org-netbeans-modules-target-iterator.xml"/>
        <file crc="600460493" name="modules/locale/org-netbeans-modules-target-iterator_ja.jar"/>
        <file crc="2478984033" name="modules/locale/org-netbeans-modules-target-iterator_pt_BR.jar"/>
        <file crc="3638000816" name="modules/locale/org-netbeans-modules-target-iterator_ru.jar"/>
        <file crc="3638305630" name="modules/locale/org-netbeans-modules-target-iterator_zh_CN.jar"/>
        <file crc="2286044022" name="modules/org-netbeans-modules-target-iterator.jar"/>
    </module_version>
</module>
