<?xml version="1.0" encoding="UTF-8"?>
<module codename="org.netbeans.modules.jellytools.ide/3">
    <module_version install_time="1323093717028" last="true" origin="installer" specification_version="3.12.1.1">
        <file crc="3504672906" name="config/Modules/org-netbeans-modules-jellytools-ide.xml"/>
        <file crc="1884740237" name="modules/locale/org-netbeans-modules-jellytools-ide_ja.jar"/>
        <file crc="1017093261" name="modules/locale/org-netbeans-modules-jellytools-ide_pt_BR.jar"/>
        <file crc="3834989399" name="modules/locale/org-netbeans-modules-jellytools-ide_ru.jar"/>
        <file crc="3885402629" name="modules/locale/org-netbeans-modules-jellytools-ide_zh_CN.jar"/>
        <file crc="1688180009" name="modules/org-netbeans-modules-jellytools-ide.jar"/>
    </module_version>
</module>
