<?xml version="1.0" encoding="UTF-8"?>
<module codename="org.netbeans.modules.lexer/2">
    <module_version install_time="1323093536522" last="true" origin="installer" specification_version="1.42.1.1">
        <file crc="3425354387" name="config/Modules/org-netbeans-modules-lexer.xml"/>
        <file crc="2353468023" name="modules/locale/org-netbeans-modules-lexer_ja.jar"/>
        <file crc="4061773496" name="modules/locale/org-netbeans-modules-lexer_pt_BR.jar"/>
        <file crc="3515582982" name="modules/locale/org-netbeans-modules-lexer_ru.jar"/>
        <file crc="3422856027" name="modules/locale/org-netbeans-modules-lexer_zh_CN.jar"/>
        <file crc="511585739" name="modules/org-netbeans-modules-lexer.jar"/>
    </module_version>
</module>
