<?xml version="1.0" encoding="UTF-8"?>
<module codename="org.netbeans.modules.javascript.editing/1">
    <module_version install_time="1323291606105" last="true" origin="installer" specification_version="0.103.1">
        <file crc="1888599495" name="config/Modules/org-netbeans-modules-javascript-editing.xml"/>
        <file crc="3217960547" name="modules/locale/org-netbeans-modules-javascript-editing_ja.jar"/>
        <file crc="2587462496" name="modules/locale/org-netbeans-modules-javascript-editing_pt_BR.jar"/>
        <file crc="904910266" name="modules/locale/org-netbeans-modules-javascript-editing_ru.jar"/>
        <file crc="3763984643" name="modules/locale/org-netbeans-modules-javascript-editing_zh_CN.jar"/>
        <file crc="1098216469" name="modules/org-netbeans-modules-javascript-editing.jar"/>
    </module_version>
</module>
