<?xml version="1.0" encoding="UTF-8"?>
<module codename="org.netbeans.modules.html.parser/1">
    <module_version install_time="1323291490795" last="true" origin="installer" specification_version="1.7.1.1">
        <file crc="3195027192" name="config/Modules/org-netbeans-modules-html-parser.xml"/>
        <file crc="1599008732" name="modules/ext/html5-parser.jar"/>
        <file crc="494294177" name="modules/ext/icu4j-4_0.jar"/>
        <file crc="1597655712" name="modules/locale/org-netbeans-modules-html-parser_ja.jar"/>
        <file crc="891268748" name="modules/locale/org-netbeans-modules-html-parser_pt_BR.jar"/>
        <file crc="3422076475" name="modules/locale/org-netbeans-modules-html-parser_ru.jar"/>
        <file crc="3961493041" name="modules/locale/org-netbeans-modules-html-parser_zh_CN.jar"/>
        <file crc="2447292245" name="modules/org-netbeans-modules-html-parser.jar"/>
    </module_version>
</module>
