<?xml version="1.0" encoding="UTF-8"?>
<module codename="org.netbeans.libs.springframework">
    <module_version install_time="1311881812617" last="true" origin="installer" specification_version="1.11.1">
        <file crc="277049246" name="config/Modules/org-netbeans-libs-springframework.xml"/>
        <file crc="2069693628" name="modules/ext/spring-3.0/license.txt"/>
        <file crc="1799170991" name="modules/ext/spring-3.0/spring-aop-3.0.2.RELEASE.jar"/>
        <file crc="3237209330" name="modules/ext/spring-3.0/spring-asm-3.0.2.RELEASE.jar"/>
        <file crc="1160300240" name="modules/ext/spring-3.0/spring-aspects-3.0.2.RELEASE.jar"/>
        <file crc="3721385164" name="modules/ext/spring-3.0/spring-beans-3.0.2.RELEASE.jar"/>
        <file crc="4135916115" name="modules/ext/spring-3.0/spring-context-3.0.2.RELEASE.jar"/>
        <file crc="3213380301" name="modules/ext/spring-3.0/spring-context-support-3.0.2.RELEASE.jar"/>
        <file crc="348483524" name="modules/ext/spring-3.0/spring-core-3.0.2.RELEASE.jar"/>
        <file crc="2005963728" name="modules/ext/spring-3.0/spring-expression-3.0.2.RELEASE.jar"/>
        <file crc="1616378341" name="modules/ext/spring-3.0/spring-instrument-3.0.2.RELEASE.jar"/>
        <file crc="4124431777" name="modules/ext/spring-3.0/spring-instrument-tomcat-3.0.2.RELEASE.jar"/>
        <file crc="790105781" name="modules/ext/spring-3.0/spring-jdbc-3.0.2.RELEASE.jar"/>
        <file crc="2760102045" name="modules/ext/spring-3.0/spring-jms-3.0.2.RELEASE.jar"/>
        <file crc="83169193" name="modules/ext/spring-3.0/spring-orm-3.0.2.RELEASE.jar"/>
        <file crc="2138047179" name="modules/ext/spring-3.0/spring-oxm-3.0.2.RELEASE.jar"/>
        <file crc="2670136811" name="modules/ext/spring-3.0/spring-struts-3.0.2.RELEASE.jar"/>
        <file crc="1903218740" name="modules/ext/spring-3.0/spring-test-3.0.2.RELEASE.jar"/>
        <file crc="2612198587" name="modules/ext/spring-3.0/spring-tx-3.0.2.RELEASE.jar"/>
        <file crc="2792691555" name="modules/ext/spring-3.0/spring-web-3.0.2.RELEASE.jar"/>
        <file crc="3945462547" name="modules/ext/spring-3.0/spring-webmvc-3.0.2.RELEASE.jar"/>
        <file crc="2910604704" name="modules/ext/spring-3.0/spring-webmvc-portlet-3.0.2.RELEASE.jar"/>
        <file crc="542489818" name="modules/ext/spring/spring-2.5.6.SEC01.jar"/>
        <file crc="473638926" name="modules/org-netbeans-libs-springframework.jar"/>
    </module_version>
</module>
