<?xml version="1.0" encoding="UTF-8"?>
<module codename="org.netbeans.modules.websvc.jaxws21/1">
    <module_version install_time="1311882367429" last="true" origin="installer" specification_version="1.14.1">
        <file crc="3073185714" name="config/Modules/org-netbeans-modules-websvc-jaxws21.xml"/>
        <file crc="2204157762" name="docs/jaxws-api-doc.zip"/>
        <file crc="3760428662" name="modules/ext/jaxws22/FastInfoset.jar"/>
        <file crc="1777851185" name="modules/ext/jaxws22/gmbal-api-only.jar"/>
        <file crc="2405064191" name="modules/ext/jaxws22/http.jar"/>
        <file crc="909689482" name="modules/ext/jaxws22/jaxws-rt.jar"/>
        <file crc="431804230" name="modules/ext/jaxws22/jaxws-tools.jar"/>
        <file crc="714085920" name="modules/ext/jaxws22/management-api.jar"/>
        <file crc="3113894838" name="modules/ext/jaxws22/mimepull.jar"/>
        <file crc="978902125" name="modules/ext/jaxws22/policy.jar"/>
        <file crc="4021123539" name="modules/ext/jaxws22/saaj-impl.jar"/>
        <file crc="3252171024" name="modules/ext/jaxws22/stax-ex.jar"/>
        <file crc="1642411377" name="modules/ext/jaxws22/streambuffer.jar"/>
        <file crc="2918400734" name="modules/ext/jaxws22/woodstox.jar"/>
        <file crc="1741902340" name="modules/org-netbeans-modules-websvc-jaxws21.jar"/>
    </module_version>
</module>
