<?xml version="1.0" encoding="UTF-8"?>
<module codename="org.netbeans.modules.j2ee.toplinklib/1">
    <module_version install_time="1311882191463" last="true" origin="installer" specification_version="2.21.1">
        <file crc="3927350028" name="config/Modules/org-netbeans-modules-j2ee-toplinklib.xml"/>
        <file crc="3658086554" name="modules/ext/toplink/3RD-PARTY-LICENSE.txt"/>
        <file crc="3282546354" name="modules/ext/toplink/LICENSE.txt"/>
        <file crc="4121355549" name="modules/ext/toplink/README"/>
        <file crc="3580928238" name="modules/ext/toplink/toplink-essentials-agent.jar"/>
        <file crc="4203601843" name="modules/ext/toplink/toplink-essentials.jar"/>
        <file crc="2274029520" name="modules/org-netbeans-modules-j2ee-toplinklib.jar"/>
    </module_version>
</module>
