<?xml version="1.0" encoding="UTF-8"?>
<module codename="org.netbeans.modules.hibernatelib/1">
    <module_version install_time="1311882499861" last="true" origin="installer" specification_version="1.10.1.325.238">
        <file crc="359906645" name="config/Modules/org-netbeans-modules-hibernatelib.xml"/>
        <file crc="3507015122" name="modules/ext/hibernate/antlr-2.7.6.jar"/>
        <file crc="1656749251" name="modules/ext/hibernate/asm-attrs.jar"/>
        <file crc="1662521808" name="modules/ext/hibernate/asm.jar"/>
        <file crc="2188745679" name="modules/ext/hibernate/cglib-2.1.3.jar"/>
        <file crc="1661102391" name="modules/ext/hibernate/commons-collections-2.1.1.jar"/>
        <file crc="2050839146" name="modules/ext/hibernate/dom4j-1.6.1.jar"/>
        <file crc="1955655451" name="modules/ext/hibernate/ehcache-1.2.3.jar"/>
        <file crc="2219080368" name="modules/ext/hibernate/ejb3-persistence.jar"/>
        <file crc="130342522" name="modules/ext/hibernate/hibernate-annotations.jar"/>
        <file crc="2366925555" name="modules/ext/hibernate/hibernate-commons-annotations.jar"/>
        <file crc="3833616534" name="modules/ext/hibernate/hibernate-entitymanager.jar"/>
        <file crc="876373206" name="modules/ext/hibernate/hibernate-tools.jar"/>
        <file crc="4273568775" name="modules/ext/hibernate/hibernate3.jar"/>
        <file crc="2826004045" name="modules/ext/hibernate/javassist.jar"/>
        <file crc="3058178599" name="modules/ext/hibernate/jdbc2_0-stdext.jar"/>
        <file crc="190545487" name="modules/ext/hibernate/jta.jar"/>
        <file crc="2975577238" name="modules/ext/hibernate/jtidy-r8-20060801.jar"/>
        <file crc="3290065372" name="modules/org-netbeans-modules-hibernatelib.jar"/>
    </module_version>
</module>
