<?xml version="1.0" encoding="UTF-8" standalone="no"?>
<module codename="org.netbeans.modules.junitlib">
    <module_version install_time="1313683509656" last="true" origin="Certified Plugins" specification_version="1.0">
        <file crc="2475187599" name="config/Modules/org-netbeans-modules-junitlib.xml"/>
        <file crc="1744174913" name="docs/junit-3.8.2-api.zip"/>
        <file crc="1619551478" name="docs/junit-4.8.2-api.zip"/>
        <file crc="2702705221" name="docs/junit-4.8.2-src.jar"/>
        <file crc="857334496" name="modules/ext/junit-3.8.2.jar"/>
        <file crc="2219825046" name="modules/org-netbeans-modules-junitlib.jar"/>
    </module_version>
</module>
