<?xml version="1.0" encoding="UTF-8" standalone="no"?>
<module codename="org.sodbeans.phonemic/1">
    <module_version install_time="1325879312698" last="true" origin="Sodbeans" specification_version="1.0">
        <file crc="1688124479" name="config/Modules/org-sodbeans-phonemic.xml"/>
        <file crc="3787660555" name="modules/ext/phonemic.jar"/>
        <file crc="2144688316" name="modules/lib/Interop.SpeechLib.5.3.dll"/>
        <file crc="629271599" name="modules/lib/SappyJNI.dll"/>
        <file crc="1905677907" name="modules/lib/SappyJNI64.dll"/>
        <file crc="1849329156" name="modules/lib/libCarbonSpeakJNI.jnilib"/>
        <file crc="2404762374" name="modules/lib/libLinuxSpeakJNI.so"/>
        <file crc="557120794" name="modules/lib/libLinuxSpeakJNI64.so"/>
        <file crc="262330362" name="modules/lib/nvdaControllerClient32.dll"/>
        <file crc="898595075" name="modules/lib/nvdaControllerClient64.dll"/>
        <file crc="2752471600" name="modules/org-sodbeans-phonemic.jar"/>
    </module_version>
</module>
