<?xml version="1.0" encoding="UTF-8"?>
<module codename="org.netbeans.insane/1">
    <module_version install_time="1323093461231" last="true" origin="installer" specification_version="1.15.1.1">
        <file crc="288786892" name="config/Modules/org-netbeans-insane.xml"/>
        <file crc="1925339391" name="modules/locale/org-netbeans-insane_ja.jar"/>
        <file crc="3284968550" name="modules/locale/org-netbeans-insane_pt_BR.jar"/>
        <file crc="2513453102" name="modules/locale/org-netbeans-insane_ru.jar"/>
        <file crc="1325587483" name="modules/locale/org-netbeans-insane_zh_CN.jar"/>
        <file crc="965804972" name="modules/org-netbeans-insane.jar"/>
    </module_version>
</module>
