<?xml version="1.0" encoding="UTF-8"?>
<module codename="org.netbeans.modules.apisupport.harness">
    <module_version install_time="1323093456817" last="true" origin="installer" specification_version="1.28.1">
        <file crc="2309339016" name="antlib/bindex-2.2.jar"/>
        <file crc="623532342" name="antlib/jsearch-2.0_05.jar"/>
        <file crc="2967796174" name="config/Modules/org-netbeans-modules-apisupport-harness.xml"/>
        <file crc="2337614412" name="jnlp/jnlp-launcher.jar"/>
        <file crc="1377636931" name="modules/locale/org-netbeans-modules-apisupport-harness_ja.jar"/>
        <file crc="3288678198" name="modules/locale/org-netbeans-modules-apisupport-harness_pt_BR.jar"/>
        <file crc="3346690318" name="modules/locale/org-netbeans-modules-apisupport-harness_ru.jar"/>
        <file crc="2525469367" name="modules/locale/org-netbeans-modules-apisupport-harness_zh_CN.jar"/>
        <file crc="3180758211" name="modules/org-netbeans-modules-apisupport-harness.jar"/>
        <file crc="4205611443" name="tasks.jar"/>
    </module_version>
</module>
