<?xml version="1.0" encoding="UTF-8"?>
<module codename="org.netbeans.libs.nbi.ant">
    <module_version install_time="1323093459780" last="true" origin="installer" specification_version="1.8.1">
        <file crc="55657938" name="config/Modules/org-netbeans-libs-nbi-ant.xml"/>
        <file crc="2267528625" name="modules/ext/nbi-ant-tasks.jar"/>
        <file crc="1021965812" name="modules/ext/nbi-registries-management.jar"/>
        <file crc="265511894" name="modules/locale/org-netbeans-libs-nbi-ant_ja.jar"/>
        <file crc="3219906120" name="modules/locale/org-netbeans-libs-nbi-ant_pt_BR.jar"/>
        <file crc="4125938873" name="modules/locale/org-netbeans-libs-nbi-ant_ru.jar"/>
        <file crc="1873556962" name="modules/locale/org-netbeans-libs-nbi-ant_zh_CN.jar"/>
        <file crc="3697991709" name="modules/org-netbeans-libs-nbi-ant.jar"/>
    </module_version>
</module>
