<?xml version="1.0" encoding="UTF-8"?>
<module codename="org.netbeans.libs.nbi.ant">
    <module_version install_time="1323291366168" last="true" origin="installer" specification_version="1.8.1">
        <file crc="55657938" name="config/Modules/org-netbeans-libs-nbi-ant.xml"/>
        <file crc="760877734" name="modules/ext/nbi-ant-tasks.jar"/>
        <file crc="4060440739" name="modules/ext/nbi-registries-management.jar"/>
        <file crc="1035601641" name="modules/locale/org-netbeans-libs-nbi-ant_ja.jar"/>
        <file crc="2710506923" name="modules/locale/org-netbeans-libs-nbi-ant_pt_BR.jar"/>
        <file crc="2726238836" name="modules/locale/org-netbeans-libs-nbi-ant_ru.jar"/>
        <file crc="1160929042" name="modules/locale/org-netbeans-libs-nbi-ant_zh_CN.jar"/>
        <file crc="984874231" name="modules/org-netbeans-libs-nbi-ant.jar"/>
    </module_version>
</module>
