<?xml version="1.0" encoding="UTF-8" standalone="no"?>
<module codename="org.netbeans.modules.apisupport.tc.cobertura">
    <module_version install_time="1325806750365" last="true" origin="Certified Plugins" specification_version="1.5">
        <file crc="444937209" name="config/Modules/org-netbeans-modules-apisupport-tc-cobertura.xml"/>
        <file crc="3937896594" name="modules/org-netbeans-modules-apisupport-tc-cobertura.jar"/>
        <file crc="1036881770" name="testcoverage-suite.xml"/>
        <file crc="1551802283" name="testcoverage.xml"/>
        <file crc="2588843940" name="testcoverage/cobertura/cobertura-1.9.3.jar"/>
        <file crc="1348614576" name="testcoverage/cobertura/lib/asm-3.0.jar"/>
        <file crc="455793819" name="testcoverage/cobertura/lib/asm-tree-3.0.jar"/>
        <file crc="1768422690" name="testcoverage/cobertura/lib/jakarta-oro-2.0.8.jar"/>
        <file crc="981592497" name="testcoverage/cobertura/lib/log4j-1.2.9.jar"/>
    </module_version>
</module>
