<?xml version="1.0" encoding="UTF-8"?>
<module codename="org.netbeans.modules.jellytools.platform/3">
    <module_version install_time="1323291359575" last="true" origin="installer" specification_version="3.11.1">
        <file crc="1104713638" name="config/Modules/org-netbeans-modules-jellytools-platform.xml"/>
        <file crc="4079649152" name="modules/locale/org-netbeans-modules-jellytools-platform_ja.jar"/>
        <file crc="2849821750" name="modules/locale/org-netbeans-modules-jellytools-platform_pt_BR.jar"/>
        <file crc="3582534754" name="modules/locale/org-netbeans-modules-jellytools-platform_ru.jar"/>
        <file crc="2249516977" name="modules/locale/org-netbeans-modules-jellytools-platform_zh_CN.jar"/>
        <file crc="3679117206" name="modules/org-netbeans-modules-jellytools-platform.jar"/>
    </module_version>
</module>
