<?xml version="1.0" encoding="UTF-8"?>
<module codename="org.netbeans.modules.apisupport.harness">
    <module_version install_time="1311882650179" last="true" origin="installer" specification_version="1.26.1">
        <file crc="1416001869" name="README"/>
        <file crc="2361081766" name="antlib/bindex-2.2.jar"/>
        <file crc="101388545" name="antlib/jsearch-2.0_05.jar"/>
        <file crc="3770105071" name="build.xml"/>
        <file crc="3881020988" name="common.xml"/>
        <file crc="2967796174" name="config/Modules/org-netbeans-modules-apisupport-harness.xml"/>
        <file crc="1289644161" name="etc/Info.plist"/>
        <file crc="271397868" name="etc/app.conf"/>
        <file crc="2195682192" name="etc/applicationIcon.icns"/>
        <file crc="43866191" name="jdk.xml"/>
        <file crc="877265942" name="jnlp.xml"/>
        <file crc="750951069" name="jnlp/jnlp-launcher.jar"/>
        <file crc="2563956946" name="launchers/app.exe"/>
        <file crc="4293767465" name="launchers/app.sh"/>
        <file crc="1618502330" name="launchers/pre7_app.exe"/>
        <file crc="2223057369" name="launchers/pre7_app_w.exe"/>
        <file crc="2782637288" name="modules/org-netbeans-modules-apisupport-harness.jar"/>
        <file crc="1644352092" name="no-testcoverage.xml"/>
        <file crc="3349294078" name="osgi.xml"/>
        <file crc="2129293850" name="run.xml"/>
        <file crc="2519325922" name="suite.xml"/>
        <file crc="1979161305" name="tasks.jar"/>
    </module_version>
</module>
