<?xml version="1.0" encoding="UTF-8"?>
<module codename="org.netbeans.modules.nbjunit/1">
    <module_version install_time="1323291364404" last="true" origin="installer" specification_version="1.72.2">
        <file crc="3013490805" name="config/Modules/org-netbeans-modules-nbjunit.xml"/>
        <file crc="2574271527" name="modules/locale/org-netbeans-modules-nbjunit_ja.jar"/>
        <file crc="2582792044" name="modules/locale/org-netbeans-modules-nbjunit_pt_BR.jar"/>
        <file crc="2810112514" name="modules/locale/org-netbeans-modules-nbjunit_ru.jar"/>
        <file crc="3531252561" name="modules/locale/org-netbeans-modules-nbjunit_zh_CN.jar"/>
        <file crc="1655905156" name="modules/org-netbeans-modules-nbjunit.jar"/>
    </module_version>
</module>
