<?xml version="1.0" encoding="UTF-8"?>
<module codename="org.netbeans.modules.apisupport.harness">
    <module_version install_time="1323291362991" last="true" origin="installer" specification_version="1.28.1">
        <file crc="2309339016" name="antlib/bindex-2.2.jar"/>
        <file crc="623532342" name="antlib/jsearch-2.0_05.jar"/>
        <file crc="2967796174" name="config/Modules/org-netbeans-modules-apisupport-harness.xml"/>
        <file crc="702204528" name="jnlp/jnlp-launcher.jar"/>
        <file crc="4135173425" name="modules/locale/org-netbeans-modules-apisupport-harness_ja.jar"/>
        <file crc="3176599966" name="modules/locale/org-netbeans-modules-apisupport-harness_pt_BR.jar"/>
        <file crc="1677409764" name="modules/locale/org-netbeans-modules-apisupport-harness_ru.jar"/>
        <file crc="2622473326" name="modules/locale/org-netbeans-modules-apisupport-harness_zh_CN.jar"/>
        <file crc="1807235503" name="modules/org-netbeans-modules-apisupport-harness.jar"/>
        <file crc="324071688" name="tasks.jar"/>
    </module_version>
</module>
