<?xml version="1.0" encoding="UTF-8"?>
<module codename="org.netbeans.modules.jemmy/3">
    <module_version install_time="1323093455285" last="true" origin="installer" specification_version="3.12.1">
        <file crc="2792960258" name="config/Modules/org-netbeans-modules-jemmy.xml"/>
        <file crc="2443337397" name="modules/ext/jemmy-2.3.0.0.jar"/>
        <file crc="903305018" name="modules/locale/org-netbeans-modules-jemmy_ja.jar"/>
        <file crc="3921215547" name="modules/locale/org-netbeans-modules-jemmy_pt_BR.jar"/>
        <file crc="4219025900" name="modules/locale/org-netbeans-modules-jemmy_ru.jar"/>
        <file crc="177098748" name="modules/locale/org-netbeans-modules-jemmy_zh_CN.jar"/>
        <file crc="1899802982" name="modules/org-netbeans-modules-jemmy.jar"/>
    </module_version>
</module>
