<?xml version="1.0" encoding="UTF-8"?>
<module codename="org.netbeans.libs.nbi.engine">
    <module_version install_time="1323093452008" last="true" origin="installer" specification_version="1.7.1">
        <file crc="2987946696" name="config/Modules/org-netbeans-libs-nbi-engine.xml"/>
        <file crc="4284406029" name="modules/ext/locale/nbi-engine_ja.jar"/>
        <file crc="1198875347" name="modules/ext/locale/nbi-engine_pt_BR.jar"/>
        <file crc="1778426909" name="modules/ext/locale/nbi-engine_ru.jar"/>
        <file crc="3295706218" name="modules/ext/locale/nbi-engine_zh_CN.jar"/>
        <file crc="464214594" name="modules/ext/nbi-engine.jar"/>
        <file crc="2814769166" name="modules/locale/org-netbeans-libs-nbi-engine_ja.jar"/>
        <file crc="3985836927" name="modules/locale/org-netbeans-libs-nbi-engine_pt_BR.jar"/>
        <file crc="257650173" name="modules/locale/org-netbeans-libs-nbi-engine_ru.jar"/>
        <file crc="390298327" name="modules/locale/org-netbeans-libs-nbi-engine_zh_CN.jar"/>
        <file crc="521870705" name="modules/org-netbeans-libs-nbi-engine.jar"/>
    </module_version>
</module>
